tax	ZYMO_EVEN	ZYMO_LOG	total
d__Bacteria	8045428	44725063	52770491
d__Bacteria;k__Bacillati	4714953	39973205	44688158
d__Bacteria;k__Bacillati;p__Bacillota	4714483	39971497	44685980
d__Bacteria;k__Bacillati;p__Bacillota;c__Bacilli	4714483	39971474	44685957
d__Bacteria;k__Bacillati;p__Bacillota;c__Bacilli;o__Caryophanales	2832607	39957918	42790525
d__Bacteria;k__Bacillati;p__Bacillota;c__Bacilli;o__Caryophanales;f__Listeriaceae	951743	39576009	40527752
d__Bacteria;k__Bacillati;p__Bacillota;c__Bacilli;o__Caryophanales;f__Listeriaceae;g__Listeria	951743	39575892	40527635
d__Bacteria;k__Bacillati;p__Bacillota;c__Bacilli;o__Caryophanales;f__Listeriaceae;g__Listeria;s__Listeria_monocytogenes	935900	39002403	39938303
d__Bacteria;k__Pseudomonadati;p__Pseudomonadota	3330475	4751858	8082333
d__Bacteria;k__Pseudomonadati	3330475	4751858	8082333
d__Bacteria;k__Pseudomonadati;p__Pseudomonadota;c__Gammaproteobacteria	3330475	4751617	8082092
d__Bacteria;k__Pseudomonadati;p__Pseudomonadota;c__Gammaproteobacteria;o__Pseudomonadales;f__Pseudomonadaceae	1207368	4674901	5882269
d__Bacteria;k__Pseudomonadati;p__Pseudomonadota;c__Gammaproteobacteria;o__Pseudomonadales;f__Pseudomonadaceae;g__Pseudomonas	1207368	4674901	5882269
d__Bacteria;k__Pseudomonadati;p__Pseudomonadota;c__Gammaproteobacteria;o__Pseudomonadales	1207368	4674901	5882269
d__Bacteria;k__Pseudomonadati;p__Pseudomonadota;c__Gammaproteobacteria;o__Pseudomonadales;f__Pseudomonadaceae;g__Pseudomonas;s__Pseudomonas_aeruginosa	1206420	4667886	5874306
d__Bacteria;k__Pseudomonadati;p__Pseudomonadota;c__Gammaproteobacteria;o__Enterobacterales	2122972	76312	2199284
d__Bacteria;k__Pseudomonadati;p__Pseudomonadota;c__Gammaproteobacteria;o__Enterobacterales;f__Enterobacteriaceae	2122972	76312	2199284
d__Bacteria;k__Bacillati;p__Bacillota;c__Bacilli;o__Lactobacillales	1881876	13555	1895431
d__Bacteria;k__Bacillati;p__Bacillota;c__Bacilli;o__Caryophanales;f__Bacillaceae	1000390	381567	1381957
d__Bacteria;k__Bacillati;p__Bacillota;c__Bacilli;o__Caryophanales;f__Bacillaceae;g__Bacillus	1000376	381443	1381819
d__Bacteria;k__Pseudomonadati;p__Pseudomonadota;c__Gammaproteobacteria;o__Enterobacterales;f__Enterobacteriaceae;g__Salmonella	1299214	45779	1344993
d__Bacteria;k__Pseudomonadati;p__Pseudomonadota;c__Gammaproteobacteria;o__Enterobacterales;f__Enterobacteriaceae;g__Salmonella;s__Salmonella_enterica	1296707	45768	1342475
d__Bacteria;k__Bacillati;p__Bacillota;c__Bacilli;o__Caryophanales;f__Bacillaceae;g__Bacillus;s__Bacillus_spizizenii	963346	355894	1319240
d__Bacteria;k__Bacillati;p__Bacillota;c__Bacilli;o__Lactobacillales;f__Enterococcaceae;g__Enterococcus	1008035	7806	1015841
d__Bacteria;k__Bacillati;p__Bacillota;c__Bacilli;o__Lactobacillales;f__Enterococcaceae	1008035	7806	1015841
d__Bacteria;k__Bacillati;p__Bacillota;c__Bacilli;o__Caryophanales;f__Staphylococcaceae	880474	315	880789
d__Bacteria;k__Bacillati;p__Bacillota;c__Bacilli;o__Caryophanales;f__Staphylococcaceae;g__Staphylococcus	880474	315	880789
d__Bacteria;k__Bacillati;p__Bacillota;c__Bacilli;o__Lactobacillales;f__Lactobacillaceae	872475	3466	875941
d__Bacteria;k__Bacillati;p__Bacillota;c__Bacilli;o__Lactobacillales;f__Lactobacillaceae;g__Limosilactobacillus	872119	3435	875554
d__Bacteria;k__Bacillati;p__Bacillota;c__Bacilli;o__Lactobacillales;f__Lactobacillaceae;g__Limosilactobacillus;s__Limosilactobacillus_fermentum	872106	3435	875541
d__Bacteria;k__Bacillati;p__Bacillota;c__Bacilli;o__Caryophanales;f__Staphylococcaceae;g__Staphylococcus;s__Staphylococcus_aureus	860605	275	860880
d__Bacteria;k__Pseudomonadati;p__Pseudomonadota;c__Gammaproteobacteria;o__Enterobacterales;f__Enterobacteriaceae;g__Escherichia	800365	29775	830140
d__Bacteria;k__Pseudomonadati;p__Pseudomonadota;c__Gammaproteobacteria;o__Enterobacterales;f__Enterobacteriaceae;g__Escherichia;s__Escherichia_coli	799379	29758	829137
d__Bacteria;k__Bacillati;p__Bacillota;c__Bacilli;o__Lactobacillales;f__Enterococcaceae;g__Enterococcus;s__Enterococcus_faecalis	704485	1376	705861
d__Eukaryota	246043	275851	521894
d__Eukaryota;k__Fungi	243393	269858	513251
d__Eukaryota;k__Fungi;p__Ascomycota	122546	269672	392218
d__Eukaryota;k__Fungi;p__Ascomycota;c__Saccharomycetes;o__Saccharomycetales;f__Saccharomycetaceae	122546	269661	392207
d__Eukaryota;k__Fungi;p__Ascomycota;c__Saccharomycetes;o__Saccharomycetales	122546	269661	392207
d__Eukaryota;k__Fungi;p__Ascomycota;c__Saccharomycetes	122546	269661	392207
d__Eukaryota;k__Fungi;p__Ascomycota;c__Saccharomycetes;o__Saccharomycetales;f__Saccharomycetaceae;g__Saccharomyces	122468	269503	391971
d__Eukaryota;k__Fungi;p__Ascomycota;c__Saccharomycetes;o__Saccharomycetales;f__Saccharomycetaceae;g__Saccharomyces;s__Saccharomyces_cerevisiae	121477	267487	388964
d__Bacteria;k__Bacillati;p__Bacillota;c__Bacilli;o__Caryophanales;f__Listeriaceae;g__Listeria;s__Listeria_innocua	10443	349512	359955
d__Bacteria;k__Bacillati;p__Bacillota;c__Bacilli;o__Lactobacillales;f__Enterococcaceae;g__Enterococcus;s__Enterococcus_sp._DIV0236	156594	0	156594
d__Eukaryota;k__Fungi;p__Basidiomycota;c__Tremellomycetes;o__Tremellales;f__Cryptococcaceae	120847	186	121033
d__Eukaryota;k__Fungi;p__Basidiomycota;c__Tremellomycetes;o__Tremellales	120847	186	121033
d__Eukaryota;k__Fungi;p__Basidiomycota	120847	186	121033
d__Eukaryota;k__Fungi;p__Basidiomycota;c__Tremellomycetes	120847	186	121033
d__Eukaryota;k__Fungi;p__Basidiomycota;c__Tremellomycetes;o__Tremellales;f__Cryptococcaceae;g__Cryptococcus	120820	186	121006
d__Bacteria;k__Bacillati;p__Bacillota;c__Bacilli;o__Lactobacillales;f__Enterococcaceae;g__Enterococcus;s__Enterococcus_sp._MSG4854	74084	0	74084
d__Bacteria;k__Bacillati;p__Bacillota;c__Bacilli;o__Caryophanales;f__Listeriaceae;g__Listeria;s__Listeria_swaminathanii	1620	70980	72600
d__Eukaryota;k__Fungi;p__Basidiomycota;c__Tremellomycetes;o__Tremellales;f__Cryptococcaceae;g__Cryptococcus;s__Cryptococcus_deneoformans	71782	114	71896
d__Bacteria;k__Bacillati;p__Bacillota;c__Bacilli;o__Caryophanales;f__Listeriaceae;g__Listeria;s__Listeria_ivanovii	2258	62473	64731
d__Eukaryota;k__Fungi;p__Basidiomycota;c__Tremellomycetes;o__Tremellales;f__Cryptococcaceae;g__Cryptococcus;s__Cryptococcus_neoformans	47504	72	47576
d__Bacteria;k__Bacillati;p__Bacillota;c__Bacilli;o__Caryophanales;f__Listeriaceae;g__Listeria;s__Listeria_welshimeri	964	39004	39968
d__Bacteria;k__Bacillati;p__Bacillota;c__Bacilli;o__Caryophanales;f__Bacillaceae;g__Bacillus;s__Bacillus_subtilis	26901	7820	34721
d__Bacteria;k__Bacillati;p__Bacillota;c__Bacilli;o__Caryophanales;f__Listeriaceae;g__Listeria;s__Listeria_sp._LM90SB2	0	26309	26309
d__Bacteria;k__Bacillati;p__Bacillota;c__Bacilli;o__Caryophanales;f__Listeriaceae;g__Listeria;s__Listeria_seeligeri	556	24745	25301
d__Bacteria;k__Bacillati;p__Bacillota;c__Bacilli;o__Lactobacillales;f__Enterococcaceae;g__Enterococcus;s__Enterococcus_sp._DIV1316a	22679	0	22679
d__Bacteria;k__Pseudomonadati;p__Pseudomonadota;c__Gammaproteobacteria;o__Enterobacterales;f__Enterobacteriaceae;g__Shigella	21268	618	21886
d__Bacteria;k__Pseudomonadati;p__Pseudomonadota;c__Gammaproteobacteria;o__Enterobacterales;f__Enterobacteriaceae;g__Shigella;s__Shigella_flexneri	14190	618	14808
d__Bacteria;k__Bacillati;p__Bacillota;c__Bacilli;o__Caryophanales;f__Staphylococcaceae;g__Staphylococcus;s__Staphylococcus_sp._MZ9	13796	0	13796
d__Bacteria;k__Bacillati;p__Bacillota;c__Bacilli;o__Caryophanales;f__Bacillaceae;g__Bacillus;s__Bacillus_cereus	3248	6698	9946
d__Bacteria;k__Bacillati;p__Bacillota;c__Bacilli;o__Caryophanales;f__Bacillaceae;g__Bacillus;s__Bacillus_anthracis	0	7125	7125
d__Bacteria;k__Bacillati;p__Bacillota;c__Bacilli;o__Lactobacillales;f__Enterococcaceae;g__Enterococcus;s__Enterococcus_sp._DIV2315	5752	1131	6883
d__Eukaryota;k__Viridiplantae;p__Streptophyta	1893	4770	6663
d__Eukaryota;k__Viridiplantae	1893	4770	6663
d__Eukaryota;k__Viridiplantae;p__Streptophyta;c__Magnoliopsida	1846	4582	6428
d__Bacteria;k__Bacillati;p__Bacillota;c__Bacilli;o__Lactobacillales;f__Enterococcaceae;g__Enterococcus;s__Enterococcus_sp._DIV1202	6218	0	6218
d__Bacteria;k__Bacillati;p__Bacillota;c__Bacilli;o__Lactobacillales;f__Enterococcaceae;g__Enterococcus;s__Enterococcus_sp._AZ037	5713	0	5713
d__Bacteria;k__Pseudomonadati;p__Pseudomonadota;c__Gammaproteobacteria;o__Pseudomonadales;f__Pseudomonadaceae;g__Pseudomonas;s__Pseudomonas_sp._PS1(2021)	425	4003	4428
d__Bacteria;k__Bacillati;p__Bacillota;c__Bacilli;o__Lactobacillales;f__Enterococcaceae;g__Enterococcus;s__Enterococcus_sp._AZ119	4343	0	4343
d__Bacteria;k__Bacillati;p__Bacillota;c__Bacilli;o__Caryophanales;f__Staphylococcaceae;g__Staphylococcus;s__Staphylococcus_sp._MZ8	4207	0	4207
d__Eukaryota;k__Viridiplantae;p__Streptophyta;c__Magnoliopsida;o__Fagales	1493	2488	3981
d__Bacteria;k__Bacillati;p__Bacillota;c__Bacilli;o__Lactobacillales;f__Enterococcaceae;g__Enterococcus;s__Enterococcus_faecium	1732	2211	3943
d__Eukaryota;k__Viridiplantae;p__Streptophyta;c__Magnoliopsida;o__Fagales;f__Juglandaceae;g__Juglans;s__Juglans_regia	1493	2422	3915
d__Eukaryota;k__Viridiplantae;p__Streptophyta;c__Magnoliopsida;o__Fagales;f__Juglandaceae	1493	2422	3915
d__Eukaryota;k__Viridiplantae;p__Streptophyta;c__Magnoliopsida;o__Fagales;f__Juglandaceae;g__Juglans	1493	2422	3915
d__Bacteria;k__Bacillati;p__Bacillota;c__Bacilli;o__Lactobacillales;f__Enterococcaceae;g__Enterococcus;s__Enterococcus_sp._AZ035	3210	451	3661
d__Bacteria;k__Bacillati;p__Bacillota;c__Bacilli;o__Lactobacillales;f__Enterococcaceae;g__Enterococcus;s__Enterococcus_sp._DIV1328a	3281	0	3281
d__Bacteria;k__Bacillati;p__Bacillota;c__Bacilli;o__Caryophanales;f__Bacillaceae;g__Bacillus;s__Bacillus_velezensis	1882	1268	3150
d__Bacteria;k__Pseudomonadati;p__Pseudomonadota;c__Gammaproteobacteria;o__Enterobacterales;f__Enterobacteriaceae;g__Shigella;s__Shigella_dysenteriae	3071	0	3071
d__Bacteria;k__Bacillati;p__Bacillota;c__Bacilli;o__Lactobacillales;f__Enterococcaceae;g__Enterococcus;s__Enterococcus_sp._DIV0836a	2916	0	2916
d__Bacteria;k__Bacillati;p__Bacillota;c__Bacilli;o__Lactobacillales;f__Enterococcaceae;g__Enterococcus;s__Candidatus_Enterococcus_dunnyi	123	2607	2730
d__Bacteria;k__Pseudomonadati;p__Pseudomonadota;c__Gammaproteobacteria;o__Enterobacterales;f__Enterobacteriaceae;g__Shigella;s__Shigella_boydii	2344	0	2344
d__Bacteria;k__Bacillati;p__Bacillota;c__Bacilli;o__Lactobacillales;f__Carnobacteriaceae	111	2217	2328
d__Bacteria;k__Bacillati;p__Bacillota;c__Bacilli;o__Lactobacillales;f__Carnobacteriaceae;g__Carnobacterium;s__Carnobacterium_maltaromaticum	111	2217	2328
d__Bacteria;k__Bacillati;p__Bacillota;c__Bacilli;o__Lactobacillales;f__Carnobacteriaceae;g__Carnobacterium	111	2217	2328
d__Bacteria;k__Bacillati;p__Bacillota;c__Bacilli;o__Lactobacillales;f__Enterococcaceae;g__Enterococcus;s__Enterococcus_sp._DIV0561	2298	0	2298
d__Bacteria;k__Bacillati;p__Actinomycetota	469	1698	2167
d__Bacteria;k__Bacillati;p__Actinomycetota;c__Actinomycetes	469	1698	2167
d__Bacteria;k__Bacillati;p__Bacillota;c__Bacilli;o__Lactobacillales;f__Enterococcaceae;g__Enterococcus;s__Enterococcus_sp._DIV0167	2119	0	2119
d__Bacteria;k__Bacillati;p__Bacillota;c__Bacilli;o__Lactobacillales;f__Enterococcaceae;g__Enterococcus;s__Enterococcus_sp._DIV1217	1965	0	1965
d__Eukaryota;k__Metazoa;p__Chordata;c__Mammalia	756	1191	1947
d__Eukaryota;k__Metazoa;p__Chordata;c__Mammalia;o__Primates;f__Hominidae;g__Homo	756	1191	1947
d__Eukaryota;k__Metazoa;p__Chordata;c__Mammalia;o__Primates;f__Hominidae	756	1191	1947
d__Eukaryota;k__Metazoa;p__Chordata;c__Mammalia;o__Primates	756	1191	1947
d__Eukaryota;k__Metazoa	756	1191	1947
d__Eukaryota;k__Metazoa;p__Chordata	756	1191	1947
d__Eukaryota;k__Metazoa;p__Chordata;c__Mammalia;o__Primates;f__Hominidae;g__Homo;s__Homo_sapiens	756	1191	1947
d__Bacteria;k__Bacillati;p__Bacillota;c__Bacilli;o__Lactobacillales;f__Enterococcaceae;g__Enterococcus;s__Enterococcus_sp._DIV1939	1770	0	1770
d__Bacteria;k__Bacillati;p__Bacillota;c__Bacilli;o__Lactobacillales;f__Enterococcaceae;g__Enterococcus;s__Enterococcus_sp._DIV0015	1752	0	1752
d__Bacteria;k__Bacillati;p__Bacillota;c__Bacilli;o__Caryophanales;f__Bacillaceae;g__Bacillus;s__Bacillus_inaquosorum	1213	460	1673
d__Bacteria;k__Pseudomonadati;p__Pseudomonadota;c__Gammaproteobacteria;o__Enterobacterales;f__Enterobacteriaceae;g__Shigella;s__Shigella_sonnei	1661	0	1661
d__Bacteria;k__Bacillati;p__Bacillota;c__Bacilli;o__Lactobacillales;f__Enterococcaceae;g__Enterococcus;s__Enterococcus_sp._AZ104	1634	0	1634
d__Eukaryota;k__Fungi;p__Ascomycota;c__Saccharomycetes;o__Saccharomycetales;f__Saccharomycetaceae;g__Saccharomyces;s__Saccharomyces_paradoxus	559	1066	1625
d__Bacteria;k__Pseudomonadati;p__Pseudomonadota;c__Gammaproteobacteria;o__Enterobacterales;f__Enterobacteriaceae;g__Salmonella;s__Salmonella_sp._3C	1542	0	1542
d__Bacteria;k__Bacillati;p__Actinomycetota;c__Actinomycetes;o__Actinomycetales	446	1035	1481
d__Bacteria;k__Bacillati;p__Actinomycetota;c__Actinomycetes;o__Actinomycetales;f__Actinomycetaceae;g__Actinomyces;s__Actinomyces_oris	446	1035	1481
d__Bacteria;k__Bacillati;p__Actinomycetota;c__Actinomycetes;o__Actinomycetales;f__Actinomycetaceae;g__Actinomyces	446	1035	1481
d__Bacteria;k__Bacillati;p__Actinomycetota;c__Actinomycetes;o__Actinomycetales;f__Actinomycetaceae	446	1035	1481
d__Bacteria;k__Pseudomonadati;p__Pseudomonadota;c__Gammaproteobacteria;o__Pseudomonadales;f__Pseudomonadaceae;g__Pseudomonas;s__Pseudomonas_paraeruginosa	250	1190	1440
d__Bacteria;k__Bacillati;p__Bacillota;c__Bacilli;o__Lactobacillales;f__Enterococcaceae;g__Enterococcus;s__Enterococcus_sp._DIV0294	1365	0	1365
d__Bacteria;k__Pseudomonadati;p__Pseudomonadota;c__Gammaproteobacteria;o__Enterobacterales;f__Enterobacteriaceae;g__Klebsiella	1284	53	1337
d__Bacteria;k__Bacillati;p__Bacillota;c__Bacilli;o__Lactobacillales;f__Streptococcaceae	1253	64	1317
d__Bacteria;k__Bacillati;p__Bacillota;c__Bacilli;o__Lactobacillales;f__Streptococcaceae;g__Streptococcus	1253	49	1302
d__Bacteria;k__Pseudomonadati;p__Pseudomonadota;c__Gammaproteobacteria;o__Enterobacterales;f__Enterobacteriaceae;g__Klebsiella;s__Klebsiella_pneumoniae	1212	53	1265
d__Bacteria;k__Bacillati;p__Bacillota;c__Bacilli;o__Lactobacillales;f__Streptococcaceae;g__Streptococcus;s__Streptococcus_agalactiae	1239	22	1261
d__Bacteria;k__Bacillati;p__Bacillota;c__Bacilli;o__Lactobacillales;f__Enterococcaceae;g__Enterococcus;s__Enterococcus_sp._MSG3299	1181	0	1181
d__Eukaryota;k__Fungi;p__Basidiomycota;c__Tremellomycetes;o__Tremellales;f__Cryptococcaceae;g__Cryptococcus;s__Cryptococcus_tetragattii	1087	0	1087
d__Bacteria;k__Bacillati;p__Bacillota;c__Bacilli;o__Caryophanales;f__Bacillaceae;g__Bacillus;s__Bacillus_rugosus	661	239	900
d__Bacteria;k__Bacillati;p__Bacillota;c__Bacilli;o__Caryophanales;f__Bacillaceae;g__Bacillus;s__Bacillus_amyloliquefaciens	410	371	781
d__Bacteria;k__Bacillati;p__Bacillota;c__Bacilli;o__Caryophanales;f__Bacillaceae;g__Bacillus;s__Bacillus_vallismortis	556	205	761
d__Eukaryota;k__Fungi;p__Ascomycota;c__Saccharomycetes;o__Saccharomycetales;f__Saccharomycetaceae;g__Saccharomyces;s__Saccharomyces_eubayanus	212	539	751
d__Bacteria;k__Bacillati;p__Bacillota;c__Bacilli;o__Lactobacillales;f__Enterococcaceae;g__Enterococcus;s__Enterococcus_sp._DIV2432	722	0	722
d__Bacteria;k__Pseudomonadati;p__Pseudomonadota;c__Gammaproteobacteria;o__Pseudomonadales;f__Pseudomonadaceae;g__Pseudomonas;s__Pseudomonas_sp._FDAARGOS_761	215	500	715
d__Bacteria;k__Bacillati;p__Actinomycetota;c__Actinomycetes;o__Mycobacteriales;f__Mycobacteriaceae	23	650	673
d__Bacteria;k__Bacillati;p__Actinomycetota;c__Actinomycetes;o__Mycobacteriales;f__Mycobacteriaceae;g__Mycobacterium	23	650	673
d__Bacteria;k__Bacillati;p__Actinomycetota;c__Actinomycetes;o__Mycobacteriales;f__Mycobacteriaceae;g__Mycobacterium;s__Mycobacterium_canetti	23	650	673
d__Bacteria;k__Bacillati;p__Actinomycetota;c__Actinomycetes;o__Mycobacteriales	23	650	673
d__Bacteria;k__Bacillati;p__Bacillota;c__Bacilli;o__Caryophanales;f__Bacillaceae;g__Bacillus;s__Bacillus_tequilensis	457	203	660
d__Eukaryota;k__Viridiplantae;p__Streptophyta;c__Magnoliopsida;o__Ericales	192	397	589
d__Eukaryota;k__Viridiplantae;p__Streptophyta;c__Magnoliopsida;o__Ericales;f__Theaceae	192	375	567
d__Eukaryota;k__Viridiplantae;p__Streptophyta;c__Magnoliopsida;o__Ericales;f__Theaceae;g__Camellia	192	375	567
d__Eukaryota;k__Viridiplantae;p__Streptophyta;c__Magnoliopsida;o__Ericales;f__Theaceae;g__Camellia;s__Camellia_sinensis	192	375	567
d__Bacteria;k__Bacillati;p__Bacillota;c__Bacilli;o__Caryophanales;f__Bacillaceae;g__Bacillus;s__Bacillus_halotolerans	326	148	474
d__Bacteria;k__Bacillati;p__Bacillota;c__Bacilli;o__Caryophanales;f__Bacillaceae;g__Bacillus;s__Bacillus_mojavensis	363	110	473
d__Bacteria;k__Bacillati;p__Bacillota;c__Bacilli;o__Caryophanales;f__Bacillaceae;g__Bacillus;s__Bacillus_thuringiensis	36	434	470
d__Bacteria;k__Pseudomonadati;p__Pseudomonadota;c__Gammaproteobacteria;o__Vibrionales;f__Vibrionaceae	134	316	450
d__Bacteria;k__Pseudomonadati;p__Pseudomonadota;c__Gammaproteobacteria;o__Vibrionales;f__Vibrionaceae;g__Vibrio;s__Vibrio_anguillarum	134	316	450
d__Bacteria;k__Pseudomonadati;p__Pseudomonadota;c__Gammaproteobacteria;o__Vibrionales;f__Vibrionaceae;g__Vibrio	134	316	450
d__Bacteria;k__Pseudomonadati;p__Pseudomonadota;c__Gammaproteobacteria;o__Vibrionales	134	316	450
d__Bacteria;k__Bacillati;p__Bacillota;c__Bacilli;o__Lactobacillales;f__Enterococcaceae;g__Enterococcus;s__Enterococcus_sp._DIV1307a	448	0	448
d__Bacteria;k__Pseudomonadati;p__Pseudomonadota;c__Gammaproteobacteria;o__Enterobacterales;f__Enterobacteriaceae;g__Salmonella;s__Salmonella_sp._SSDFZ54	447	0	447
d__Bacteria;k__Bacillati;p__Bacillota;c__Bacilli;o__Lactobacillales;f__Enterococcaceae;g__Enterococcus;s__Enterococcus_sp._AZ197	422	0	422
d__Bacteria;k__Bacillati;p__Bacillota;c__Bacilli;o__Caryophanales;f__Bacillaceae;g__Bacillus;s__Bacillus_cabrialesii	304	114	418
d__Bacteria;k__Bacillati;p__Bacillota;c__Bacilli;o__Lactobacillales;f__Enterococcaceae;g__Enterococcus;s__Enterococcus_sp._MSG3310	412	0	412
d__Bacteria;k__Pseudomonadati;p__Pseudomonadota;c__Gammaproteobacteria;o__Enterobacterales;f__Enterobacteriaceae;g__Enterobacter	411	0	411
d__Bacteria;k__Pseudomonadati;p__Pseudomonadota;c__Gammaproteobacteria;o__Enterobacterales;f__Enterobacteriaceae;g__Citrobacter	391	0	391
d__Bacteria;k__Pseudomonadati;p__Pseudomonadota;c__Gammaproteobacteria;o__Enterobacterales;f__Enterobacteriaceae;g__Escherichia;s__Escherichia_albertii	360	17	377
d__Eukaryota;k__Fungi;p__Ascomycota;c__Saccharomycetes;o__Saccharomycetales;f__Saccharomycetaceae;g__Saccharomyces;s__Saccharomyces_mikatae	134	227	361
d__Bacteria;k__Bacillati;p__Bacillota;c__Bacilli;o__Lactobacillales;f__Enterococcaceae;g__Enterococcus;s__Enterococcus_sp._DA9	336	0	336
d__Bacteria;k__Pseudomonadati;p__Pseudomonadota;c__Gammaproteobacteria;o__Enterobacterales;f__Enterobacteriaceae;g__Escherichia;s__Escherichia_fergusonii	312	0	312
d__Bacteria;k__Bacillati;p__Bacillota;c__Bacilli;o__Caryophanales;f__Bacillaceae;g__Bacillus;s__Bacillus_atrophaeus	226	83	309
d__Eukaryota;k__Fungi;p__Basidiomycota;c__Tremellomycetes;o__Tremellales;f__Cryptococcaceae;g__Cryptococcus;s__Cryptococcus_decagattii	300	0	300
d__Bacteria;k__Bacillati;p__Bacillota;c__Bacilli;o__Caryophanales;f__Staphylococcaceae;g__Staphylococcus;s__Staphylococcus_schweitzeri	298	0	298
d__Bacteria;k__Bacillati;p__Bacillota;c__Bacilli;o__Caryophanales;f__Staphylococcaceae;g__Staphylococcus;s__Staphylococcus_argenteus	298	0	298
d__Bacteria;k__Pseudomonadati;p__Pseudomonadota;c__Gammaproteobacteria;o__Enterobacterales;f__Enterobacteriaceae;g__Salmonella;s__Salmonella_bongori	283	11	294
d__Bacteria;k__Bacillati;p__Bacillota;c__Bacilli;o__Caryophanales;f__Staphylococcaceae;g__Staphylococcus;s__Staphylococcus_hominis	293	0	293
d__Bacteria;k__Bacillati;p__Bacillota;c__Bacilli;o__Caryophanales;f__Staphylococcaceae;g__Staphylococcus;s__Staphylococcus_saprophyticus	286	0	286
d__Eukaryota;k__Fungi;p__Ascomycota;c__Saccharomycetes;o__Saccharomycetales;f__Saccharomycetaceae;g__Saccharomyces;s__Saccharomyces_kudriavzevii	83	182	265
d__Bacteria;k__Pseudomonadati;p__Pseudomonadota;c__Gammaproteobacteria;o__Enterobacterales;f__Enterobacteriaceae;g__Enterobacter;s__Enterobacter_hormaechei	242	0	242
d__Bacteria;k__Bacillati;p__Bacillota;c__Bacilli;o__Caryophanales;f__Staphylococcaceae;g__Staphylococcus;s__Staphylococcus_simulans	241	0	241
d__Eukaryota;k__Viridiplantae;p__Streptophyta;c__Pinopsida	47	188	235
d__Eukaryota;k__Viridiplantae;p__Streptophyta;c__Pinopsida;o__Cupressales;f__Cupressaceae;g__Cryptomeria;s__Cryptomeria_japonica	47	188	235
d__Eukaryota;k__Viridiplantae;p__Streptophyta;c__Pinopsida;o__Cupressales;f__Cupressaceae	47	188	235
d__Eukaryota;k__Viridiplantae;p__Streptophyta;c__Pinopsida;o__Cupressales	47	188	235
d__Eukaryota;k__Viridiplantae;p__Streptophyta;c__Pinopsida;o__Cupressales;f__Cupressaceae;g__Cryptomeria	47	188	235
d__Eukaryota;k__Viridiplantae;p__Streptophyta;c__Magnoliopsida;o__Fabales;f__Fabaceae	0	234	234
d__Eukaryota;k__Viridiplantae;p__Streptophyta;c__Magnoliopsida;o__Fabales	0	234	234
d__Bacteria;k__Pseudomonadati;p__Pseudomonadota;c__Gammaproteobacteria;o__Enterobacterales;f__Enterobacteriaceae;g__Salmonella;s__Salmonella_sp._2018103	233	0	233
d__Eukaryota;k__Fungi;p__Ascomycota;c__Saccharomycetes;o__Saccharomycetales;f__Saccharomycetaceae;g__Zygotorulaspora;s__Zygotorulaspora_mrakii	65	158	223
d__Eukaryota;k__Fungi;p__Ascomycota;c__Saccharomycetes;o__Saccharomycetales;f__Saccharomycetaceae;g__Zygotorulaspora	65	158	223
d__Bacteria;k__Bacillati;p__Bacillota;c__Bacilli;o__Caryophanales;f__Listeriaceae;g__Listeria;s__Listeria_grayi	0	200	200
d__Eukaryota;k__Viridiplantae;p__Streptophyta;c__Magnoliopsida;o__Solanales;f__Solanaceae	57	138	195
d__Eukaryota;k__Viridiplantae;p__Streptophyta;c__Magnoliopsida;o__Solanales	57	138	195
d__Bacteria;k__Bacillati;p__Bacillota;c__Bacilli;o__Caryophanales;f__Staphylococcaceae;g__Staphylococcus;s__Staphylococcus_simiae	194	0	194
d__Bacteria;k__Pseudomonadati;p__Pseudomonadota;c__Gammaproteobacteria;o__Enterobacterales;f__Enterobacteriaceae;g__Citrobacter;s__Citrobacter_braakii	193	0	193
d__Bacteria;k__Pseudomonadati;p__Pseudomonadota;c__Gammaproteobacteria;o__Pseudomonadales;f__Pseudomonadaceae;g__Pseudomonas;s__Pseudomonas_citronellolis	26	157	183
d__Eukaryota;k__Viridiplantae;p__Streptophyta;c__Magnoliopsida;o__Santalales;f__Ximeniaceae;g__Malania;s__Malania_oleifera	42	132	174
d__Bacteria;k__Pseudomonadati;p__Pseudomonadota;c__Gammaproteobacteria;o__Pseudomonadales;f__Pseudomonadaceae;g__Pseudomonas;s__Pseudomonas_fluorescens	29	145	174
d__Eukaryota;k__Viridiplantae;p__Streptophyta;c__Magnoliopsida;o__Santalales;f__Ximeniaceae;g__Malania	42	132	174
d__Eukaryota;k__Viridiplantae;p__Streptophyta;c__Magnoliopsida;o__Santalales;f__Ximeniaceae	42	132	174
d__Eukaryota;k__Viridiplantae;p__Streptophyta;c__Magnoliopsida;o__Santalales	42	132	174
d__Eukaryota;k__Viridiplantae;p__Streptophyta;c__Magnoliopsida;o__Zingiberales;f__Musaceae	0	171	171
d__Eukaryota;k__Viridiplantae;p__Streptophyta;c__Magnoliopsida;o__Zingiberales	0	171	171
d__Eukaryota;k__Viridiplantae;p__Streptophyta;c__Magnoliopsida;o__Zingiberales;f__Musaceae;g__Musa	0	171	171
d__Eukaryota;k__Viridiplantae;p__Streptophyta;c__Magnoliopsida;o__Zingiberales;f__Musaceae;g__Musa;s__Musa_acuminata	0	171	171
d__Bacteria;k__Bacillati;p__Bacillota;c__Bacilli;o__Lactobacillales;f__Enterococcaceae;g__Enterococcus;s__Enterococcus_sp._DIV0774	168	0	168
d__Bacteria;k__Pseudomonadati;p__Pseudomonadota;c__Gammaproteobacteria;o__Enterobacterales;f__Enterobacteriaceae;g__Escherichia;s__Escherichia_marmotae	165	0	165
d__Eukaryota;k__Viridiplantae;p__Streptophyta;c__Magnoliopsida;o__Lamiales	34	131	165
d__Bacteria;k__Bacillati;p__Bacillota;c__Bacilli;o__Lactobacillales;f__Lactobacillaceae;g__Lactobacillus	163	0	163
d__Bacteria;k__Pseudomonadati;p__Pseudomonadota;c__Betaproteobacteria;o__Burkholderiales;f__Alcaligenaceae	0	153	153
d__Bacteria;k__Pseudomonadati;p__Pseudomonadota;c__Betaproteobacteria;o__Burkholderiales	0	153	153
d__Bacteria;k__Pseudomonadati;p__Pseudomonadota;c__Betaproteobacteria	0	153	153
d__Eukaryota;k__Viridiplantae;p__Streptophyta;c__Magnoliopsida;o__Lamiales;f__Lamiaceae	34	118	152
d__Eukaryota;k__Viridiplantae;p__Streptophyta;c__Magnoliopsida;o__Lamiales;f__Lamiaceae;g__Salvia	34	118	152
d__Bacteria;k__Bacillati;p__Bacillota;c__Bacilli;o__Caryophanales;f__Listeriaceae;g__Listeria;s__Listeria_sp._PSOL-1	0	151	151
d__Bacteria;k__Bacillati;p__Bacillota;c__Bacilli;o__Caryophanales;f__Bacillaceae;g__Bacillus;s__Bacillus_stercoris	117	33	150
d__Bacteria;k__Bacillati;p__Bacillota;c__Bacilli;o__Lactobacillales;f__Lactobacillaceae;g__Lactobacillus;s__Lactobacillus_delbrueckii	148	0	148
d__Bacteria;k__Pseudomonadati;p__Pseudomonadota;c__Gammaproteobacteria;o__Enterobacterales;f__Enterobacteriaceae;g__Escherichia;s__Escherichia_sp._E4742	147	0	147
d__Eukaryota;k__Viridiplantae;p__Streptophyta;c__Magnoliopsida;o__Caryophyllales	0	140	140
d__Eukaryota;k__Viridiplantae;p__Streptophyta;c__Magnoliopsida;o__Caryophyllales;f__Amaranthaceae	0	140	140
d__Eukaryota;k__Viridiplantae;p__Streptophyta;c__Magnoliopsida;o__Caryophyllales;f__Amaranthaceae;g__Amaranthus;s__Amaranthus_tricolor	0	140	140
d__Eukaryota;k__Viridiplantae;p__Streptophyta;c__Magnoliopsida;o__Caryophyllales;f__Amaranthaceae;g__Amaranthus	0	140	140
d__Bacteria;k__Pseudomonadati;p__Pseudomonadota;c__Gammaproteobacteria;o__Enterobacterales;f__Enterobacteriaceae;g__Citrobacter;s__Citrobacter_freundii	137	0	137
d__Eukaryota;k__Viridiplantae;p__Streptophyta;c__Magnoliopsida;o__Malvales	0	135	135
d__Eukaryota;k__Viridiplantae;p__Streptophyta;c__Magnoliopsida;o__Malvales;f__Malvaceae;g__Gossypium	0	135	135
d__Eukaryota;k__Viridiplantae;p__Streptophyta;c__Magnoliopsida;o__Malvales;f__Malvaceae;g__Gossypium;s__Gossypium_hirsutum	0	135	135
d__Eukaryota;k__Viridiplantae;p__Streptophyta;c__Magnoliopsida;o__Malvales;f__Malvaceae	0	135	135
d__Eukaryota;k__Viridiplantae;p__Streptophyta;c__Magnoliopsida;o__Brassicales;f__Brassicaceae;g__Brassica;s__Brassica_rapa	0	133	133
d__Eukaryota;k__Viridiplantae;p__Streptophyta;c__Magnoliopsida;o__Brassicales;f__Brassicaceae;g__Brassica	0	133	133
d__Eukaryota;k__Viridiplantae;p__Streptophyta;c__Magnoliopsida;o__Brassicales;f__Brassicaceae	0	133	133
d__Eukaryota;k__Viridiplantae;p__Streptophyta;c__Magnoliopsida;o__Brassicales	0	133	133
d__Eukaryota;k__Fungi;p__Basidiomycota;c__Tremellomycetes;o__Tremellales;f__Cryptococcaceae;g__Cryptococcus;s__Cryptococcus_gattii	132	0	132
d__Eukaryota;k__Viridiplantae;p__Streptophyta;c__Magnoliopsida;o__Lamiales;f__Lamiaceae;g__Salvia;s__Salvia_splendens	34	94	128
d__Bacteria;k__Bacillati;p__Bacillota;c__Bacilli;o__Lactobacillales;f__Lactobacillaceae;g__Lactiplantibacillus;s__Lactiplantibacillus_plantarum	110	16	126
d__Bacteria;k__Bacillati;p__Bacillota;c__Bacilli;o__Lactobacillales;f__Lactobacillaceae;g__Lactiplantibacillus	110	16	126
d__Bacteria;k__Bacillati;p__Bacillota;c__Bacilli;o__Caryophanales;f__Listeriaceae;g__Paenilisteria	0	116	116
d__Bacteria;k__Bacillati;p__Bacillota;c__Bacilli;o__Caryophanales;f__Listeriaceae;g__Paenilisteria;s__Paenilisteria_weihenstephanensis	0	116	116
d__Bacteria;k__Pseudomonadati;p__Pseudomonadota;c__Gammaproteobacteria;o__Pseudomonadales;f__Pseudomonadaceae;g__Pseudomonas;s__Pseudomonas_putida	0	113	113
d__Bacteria;k__Bacillati;p__Bacillota;c__Bacilli;o__Caryophanales;f__Listeriaceae;g__Listeria;s__Listeria_aquatica	0	109	109
d__Eukaryota;k__Viridiplantae;p__Streptophyta;c__Magnoliopsida;o__Solanales;f__Solanaceae;g__Lycium;s__Lycium_ferocissimum	0	108	108
d__Eukaryota;k__Viridiplantae;p__Streptophyta;c__Magnoliopsida;o__Solanales;f__Solanaceae;g__Lycium	0	108	108
d__Bacteria;k__Bacillati;p__Bacillota;c__Bacilli;o__Caryophanales;f__Bacillaceae;g__Bacillus;s__Bacillus_safensis	73	31	104
d__Bacteria;k__Bacillati;p__Bacillota;c__Bacilli;o__Caryophanales;f__Staphylococcaceae;g__Staphylococcus;s__Staphylococcus_epidermidis	65	29	94
d__Bacteria;k__Pseudomonadati;p__Pseudomonadota;c__Betaproteobacteria;o__Burkholderiales;f__Alcaligenaceae;g__Alcaligenes	0	89	89
d__Bacteria;k__Pseudomonadati;p__Pseudomonadota;c__Betaproteobacteria;o__Burkholderiales;f__Alcaligenaceae;g__Alcaligenes;s__Alcaligenes_faecalis	0	89	89
d__Bacteria;k__Pseudomonadati;p__Pseudomonadota;c__Alphaproteobacteria;o__Hyphomicrobiales;f__Nitrobacteraceae;g__Bradyrhizobium	0	87	87
d__Bacteria;k__Pseudomonadati;p__Pseudomonadota;c__Alphaproteobacteria;o__Hyphomicrobiales;f__Nitrobacteraceae;g__Bradyrhizobium;s__Bradyrhizobium_sp._WCU1	0	87	87
d__Bacteria;k__Pseudomonadati;p__Pseudomonadota;c__Alphaproteobacteria	0	87	87
d__Bacteria;k__Pseudomonadati;p__Pseudomonadota;c__Alphaproteobacteria;o__Hyphomicrobiales	0	87	87
d__Bacteria;k__Pseudomonadati;p__Pseudomonadota;c__Alphaproteobacteria;o__Hyphomicrobiales;f__Nitrobacteraceae	0	87	87
d__Eukaryota;k__Viridiplantae;p__Streptophyta;c__Magnoliopsida;o__Solanales;f__Solanaceae;g__Capsicum;s__Capsicum_annuum	57	30	87
d__Eukaryota;k__Viridiplantae;p__Streptophyta;c__Magnoliopsida;o__Solanales;f__Solanaceae;g__Capsicum	57	30	87
d__Bacteria;k__Pseudomonadati;p__Pseudomonadota;c__Gammaproteobacteria;o__Moraxellales;f__Moraxellaceae;g__Acinetobacter	0	86	86
d__Bacteria;k__Pseudomonadati;p__Pseudomonadota;c__Gammaproteobacteria;o__Moraxellales;f__Moraxellaceae	0	86	86
d__Bacteria;k__Pseudomonadati;p__Pseudomonadota;c__Gammaproteobacteria;o__Moraxellales	0	86	86
d__Eukaryota;k__Viridiplantae;p__Streptophyta;c__Magnoliopsida;o__Asparagales;f__Asparagaceae	0	83	83
d__Eukaryota;k__Viridiplantae;p__Streptophyta;c__Magnoliopsida;o__Asparagales	0	83	83
d__Eukaryota;k__Viridiplantae;p__Streptophyta;c__Magnoliopsida;o__Asparagales;f__Asparagaceae;g__Asparagus	0	83	83
d__Eukaryota;k__Viridiplantae;p__Streptophyta;c__Magnoliopsida;o__Asparagales;f__Asparagaceae;g__Asparagus;s__Asparagus_officinalis	0	83	83
d__Bacteria;k__Pseudomonadati;p__Pseudomonadota;c__Gammaproteobacteria;o__Enterobacterales;f__Enterobacteriaceae;g__Enterobacter;s__Enterobacter_sp._638	81	0	81
d__Eukaryota;k__Viridiplantae;p__Streptophyta;c__Magnoliopsida;o__Vitales;f__Vitaceae;g__Vitis	26	51	77
d__Eukaryota;k__Viridiplantae;p__Streptophyta;c__Magnoliopsida;o__Vitales	26	51	77
d__Eukaryota;k__Viridiplantae;p__Streptophyta;c__Magnoliopsida;o__Vitales;f__Vitaceae;g__Vitis;s__Vitis_riparia	26	51	77
d__Eukaryota;k__Viridiplantae;p__Streptophyta;c__Magnoliopsida;o__Vitales;f__Vitaceae	26	51	77
d__Eukaryota;k__Viridiplantae;p__Streptophyta;c__Magnoliopsida;o__Fabales;f__Fabaceae;g__Cajanus	0	75	75
d__Eukaryota;k__Viridiplantae;p__Streptophyta;c__Magnoliopsida;o__Fabales;f__Fabaceae;g__Cajanus;s__Cajanus_cajan	0	75	75
d__Eukaryota;k__Viridiplantae;p__Streptophyta;c__Magnoliopsida;o__Myrtales	0	73	73
d__Eukaryota;k__Viridiplantae;p__Streptophyta;c__Magnoliopsida;o__Myrtales;f__Lythraceae;g__Punica;s__Punica_granatum	0	73	73
d__Eukaryota;k__Viridiplantae;p__Streptophyta;c__Magnoliopsida;o__Myrtales;f__Lythraceae;g__Punica	0	73	73
d__Eukaryota;k__Viridiplantae;p__Streptophyta;c__Magnoliopsida;o__Myrtales;f__Lythraceae	0	73	73
d__Bacteria;k__Pseudomonadati;p__Pseudomonadota;c__Gammaproteobacteria;o__Pseudomonadales;f__Pseudomonadaceae;g__Pseudomonas;s__Pseudomonas_nitroreducens	0	72	72
d__Bacteria;k__Pseudomonadati;p__Pseudomonadota;c__Gammaproteobacteria;o__Moraxellales;f__Moraxellaceae;g__Acinetobacter;s__Acinetobacter_guillouiae	0	70	70
d__Bacteria;k__Pseudomonadati;p__Pseudomonadota;c__Gammaproteobacteria;o__Enterobacterales;f__Enterobacteriaceae;g__Enterobacter;s__Enterobacter_cloacae	70	0	70
d__Bacteria;k__Bacillati;p__Bacillota;c__Bacilli;o__Caryophanales;f__Bacillaceae;g__Bacillus;s__Bacillus_sp._JS	70	0	70
d__Eukaryota;k__Viridiplantae;p__Streptophyta;c__Magnoliopsida;o__Poales;f__Poaceae	0	70	70
d__Eukaryota;k__Viridiplantae;p__Streptophyta;c__Magnoliopsida;o__Poales	0	70	70
d__Bacteria;k__Pseudomonadati;p__Pseudomonadota;c__Gammaproteobacteria;o__Pseudomonadales;f__Pseudomonadaceae;g__Pseudomonas;s__Pseudomonas_sp._PDNC002	0	66	66
d__Eukaryota;k__Viridiplantae;p__Streptophyta;c__Magnoliopsida;o__Fagales;f__Betulaceae;g__Alnus;s__Alnus_glutinosa	0	65	65
d__Eukaryota;k__Viridiplantae;p__Streptophyta;c__Magnoliopsida;o__Fagales;f__Betulaceae;g__Alnus	0	65	65
d__Eukaryota;k__Viridiplantae;p__Streptophyta;c__Magnoliopsida;o__Fagales;f__Betulaceae	0	65	65
d__Eukaryota;k__Viridiplantae;p__Streptophyta;c__Magnoliopsida;o__Fabales;f__Fabaceae;g__Arachis;s__Arachis_stenosperma	0	63	63
d__Eukaryota;k__Viridiplantae;p__Streptophyta;c__Magnoliopsida;o__Fabales;f__Fabaceae;g__Arachis	0	63	63
d__Bacteria;k__Bacillati;p__Bacillota;c__Bacilli;o__Lactobacillales;f__Lactobacillaceae;g__Weissella;s__Weissella_paramesenteroides	63	0	63
d__Bacteria;k__Bacillati;p__Bacillota;c__Bacilli;o__Lactobacillales;f__Lactobacillaceae;g__Weissella	63	0	63
d__Bacteria;k__Bacillati;p__Bacillota;c__Bacilli;o__Caryophanales;f__Bacillaceae;g__Psychrobacillus;s__Psychrobacillus_sp._L4	0	63	63
d__Bacteria;k__Pseudomonadati;p__Pseudomonadota;c__Betaproteobacteria;o__Burkholderiales;f__Alcaligenaceae;g__Kerstersia;s__Kerstersia_gyiorum	0	63	63
d__Bacteria;k__Pseudomonadati;p__Pseudomonadota;c__Betaproteobacteria;o__Burkholderiales;f__Alcaligenaceae;g__Kerstersia	0	63	63
d__Bacteria;k__Bacillati;p__Bacillota;c__Bacilli;o__Caryophanales;f__Bacillaceae;g__Psychrobacillus	0	63	63
d__Bacteria;k__Pseudomonadati;p__Pseudomonadota;c__Gammaproteobacteria;o__Pseudomonadales;f__Pseudomonadaceae;g__Pseudomonas;s__Pseudomonas_chlororaphis	0	62	62
d__Bacteria;k__Pseudomonadati;p__Pseudomonadota;c__Gammaproteobacteria;o__Pseudomonadales;f__Pseudomonadaceae;g__Pseudomonas;s__Pseudomonas_sp._SCB32	0	59	59
d__Bacteria;k__Pseudomonadati;p__Pseudomonadota;c__Gammaproteobacteria;o__Pseudomonadales;f__Pseudomonadaceae;g__Pseudomonas;s__Pseudomonas_sp._QE6	0	55	55
d__Bacteria;k__Pseudomonadati;p__Pseudomonadota;c__Gammaproteobacteria;o__Pseudomonadales;f__Pseudomonadaceae;g__Pseudomonas;s__Pseudomonas_triclosanedens	0	53	53
d__Eukaryota;k__Viridiplantae;p__Streptophyta;c__Magnoliopsida;o__Proteales	0	52	52
d__Eukaryota;k__Viridiplantae;p__Streptophyta;c__Magnoliopsida;o__Proteales;f__Proteaceae;g__Macadamia	0	52	52
d__Eukaryota;k__Viridiplantae;p__Streptophyta;c__Magnoliopsida;o__Proteales;f__Proteaceae	0	52	52
d__Bacteria;k__Bacillati;p__Bacillota;c__Bacilli;o__Caryophanales;f__Bacillaceae;g__Bacillus;s__Bacillus_sp._K7	52	0	52
d__Eukaryota;k__Viridiplantae;p__Streptophyta;c__Magnoliopsida;o__Proteales;f__Proteaceae;g__Macadamia;s__Macadamia_integrifolia	0	52	52
d__Bacteria;k__Bacillati;p__Bacillota;c__Bacilli;o__Caryophanales;f__Bacillaceae;g__Bacillus;s__Bacillus_mycoides	27	25	52
d__Bacteria;k__Pseudomonadati;p__Pseudomonadota;c__Gammaproteobacteria;o__Pseudomonadales;f__Pseudomonadaceae;g__Pseudomonas;s__Pseudomonas_sp._ATCC_13867	0	50	50
d__Bacteria;k__Bacillati;p__Bacillota;c__Bacilli;o__Caryophanales;f__Bacillaceae;g__Halobacillus	0	49	49
d__Bacteria;k__Bacillati;p__Bacillota;c__Bacilli;o__Caryophanales;f__Bacillaceae;g__Halobacillus;s__Halobacillus_shinanisalinarum	0	49	49
d__Bacteria;k__Bacillati;p__Bacillota;c__Bacilli;o__Caryophanales;f__Bacillaceae;g__Bacillus;s__Bacillus_altitudinis	0	48	48
d__Bacteria;k__Pseudomonadati;p__Pseudomonadota;c__Gammaproteobacteria;o__Pseudomonadales;f__Pseudomonadaceae;g__Pseudomonas;s__Pseudomonas_syringae	0	48	48
d__Bacteria;k__Pseudomonadati;p__Pseudomonadota;c__Gammaproteobacteria;o__Enterobacterales;f__Enterobacteriaceae;g__Kluyvera;s__Kluyvera_cryocrescens	0	48	48
d__Bacteria;k__Pseudomonadati;p__Pseudomonadota;c__Gammaproteobacteria;o__Enterobacterales;f__Enterobacteriaceae;g__Kluyvera	0	48	48
d__Bacteria;k__Bacillati;p__Bacillota;c__Bacilli;o__Lactobacillales;f__Enterococcaceae;g__Enterococcus;s__Enterococcus_sp._DIV0212c	47	0	47
d__Eukaryota;k__Viridiplantae;p__Streptophyta;c__Magnoliopsida;o__Ranunculales;f__Papaveraceae;g__Papaver	0	46	46
d__Eukaryota;k__Viridiplantae;p__Streptophyta;c__Magnoliopsida;o__Ranunculales	0	46	46
d__Eukaryota;k__Viridiplantae;p__Streptophyta;c__Magnoliopsida;o__Ranunculales;f__Papaveraceae	0	46	46
d__Bacteria;k__Bacillati;p__Bacillota;c__Bacilli;o__Caryophanales;f__Staphylococcaceae;g__Staphylococcus;s__Staphylococcus_lugdunensis	46	0	46
d__Eukaryota;k__Viridiplantae;p__Streptophyta;c__Magnoliopsida;o__Ranunculales;f__Papaveraceae;g__Papaver;s__Papaver_somniferum	0	46	46
d__Bacteria;k__Bacillati;p__Bacillota;c__Bacilli;o__Caryophanales;f__Bacillaceae;g__Bacillus;s__Bacillus_gobiensis	30	14	44
d__Eukaryota;k__Viridiplantae;p__Streptophyta;c__Magnoliopsida;o__Cucurbitales;f__Cucurbitaceae;g__Cucurbita	0	44	44
d__Eukaryota;k__Viridiplantae;p__Streptophyta;c__Magnoliopsida;o__Cucurbitales	0	44	44
d__Eukaryota;k__Viridiplantae;p__Streptophyta;c__Magnoliopsida;o__Cucurbitales;f__Cucurbitaceae;g__Cucurbita;s__Cucurbita_pepo	0	44	44
d__Bacteria;k__Bacillati;p__Bacillota;c__Bacilli;o__Lactobacillales;f__Enterococcaceae;g__Enterococcus;s__Enterococcus_sp._AMC1251	44	0	44
d__Eukaryota;k__Viridiplantae;p__Streptophyta;c__Magnoliopsida;o__Cucurbitales;f__Cucurbitaceae	0	44	44
d__Bacteria;k__Bacillati;p__Bacillota;c__Bacilli;o__Caryophanales;f__Bacillaceae;g__Bacillus;s__Bacillus_paranthracis	0	42	42
d__Bacteria;k__Pseudomonadati;p__Pseudomonadota;c__Gammaproteobacteria;o__Enterobacterales;f__Enterobacteriaceae;g__Klebsiella;s__Klebsiella_ornithinolytica	42	0	42
d__Bacteria;k__Pseudomonadati;p__Pseudomonadota;c__Gammaproteobacteria;o__Pseudomonadales;f__Pseudomonadaceae;g__Pseudomonas;s__Pseudomonas_sp._PVC-3-1	0	41	41
d__Bacteria;k__Pseudomonadati;p__Pseudomonadota;c__Gammaproteobacteria;o__Pseudomonadales;f__Pseudomonadaceae;g__Pseudomonas;s__Pseudomonas_sp._BB438	0	41	41
d__Bacteria;k__Bacillati;p__Bacillota;c__Bacilli;o__Caryophanales;f__Bacillaceae;g__Bacillus;s__Bacillus_siamensis	0	39	39
d__Bacteria;k__Bacillati;p__Bacillota;c__Bacilli;o__Caryophanales;f__Staphylococcaceae;g__Staphylococcus;s__Staphylococcus_caprae	39	0	39
d__Bacteria;k__Pseudomonadati;p__Pseudomonadota;c__Gammaproteobacteria;o__Pseudomonadales;f__Pseudomonadaceae;g__Pseudomonas;s__Pseudomonas_sp._GCEP-101	0	37	37
d__Bacteria;k__Pseudomonadati;p__Pseudomonadota;c__Gammaproteobacteria;o__Enterobacterales;f__Enterobacteriaceae;g__Phytobacter	0	36	36
d__Eukaryota;k__Viridiplantae;p__Streptophyta;c__Magnoliopsida;o__Poales;f__Poaceae;g__Panicum	0	36	36
d__Bacteria;k__Pseudomonadati;p__Pseudomonadota;c__Gammaproteobacteria;o__Enterobacterales;f__Enterobacteriaceae;g__Phytobacter;s__Phytobacter_cepae	0	36	36
d__Bacteria;k__Pseudomonadati;p__Pseudomonadota;c__Gammaproteobacteria;o__Pseudomonadales;f__Pseudomonadaceae;g__Pseudomonas;s__Pseudomonas_sp._B12(2026)	0	36	36
d__Eukaryota;k__Viridiplantae;p__Streptophyta;c__Magnoliopsida;o__Poales;f__Poaceae;g__Panicum;s__Panicum_hallii	0	36	36
d__Eukaryota;k__Viridiplantae;p__Streptophyta;c__Magnoliopsida;o__Fabales;f__Fabaceae;g__Phaseolus;s__Phaseolus_vulgaris	0	35	35
d__Eukaryota;k__Viridiplantae;p__Streptophyta;c__Magnoliopsida;o__Fabales;f__Fabaceae;g__Phaseolus	0	35	35
d__Bacteria;k__Pseudomonadati;p__Pseudomonadota;c__Gammaproteobacteria;o__Enterobacterales;f__Enterobacteriaceae;g__Citrobacter;s__Citrobacter_werkmanii	34	0	34
d__Bacteria;k__Pseudomonadati;p__Pseudomonadota;c__Gammaproteobacteria;o__Pseudomonadales;f__Pseudomonadaceae;g__Pseudomonas;s__Pseudomonas_sp._YH-1	0	34	34
d__Bacteria;k__Pseudomonadati;p__Pseudomonadota;c__Gammaproteobacteria;o__Pseudomonadales;f__Pseudomonadaceae;g__Pseudomonas;s__Pseudomonas_sp._Q1-7	0	34	34
d__Bacteria;k__Bacillati;p__Bacillota;c__Bacilli;o__Caryophanales;f__Bacillaceae;g__Bacillus;s__Bacillus_sp._BACIII	33	0	33
d__Eukaryota;k__Viridiplantae;p__Streptophyta;c__Magnoliopsida;o__Poales;f__Poaceae;g__Hordeum;s__Hordeum_vulgare	0	33	33
d__Bacteria;k__Bacillati;p__Bacillota;c__Bacilli;o__Lactobacillales;f__Enterococcaceae;g__Enterococcus;s__Enterococcus_sp._AMC1252	33	0	33
d__Eukaryota;k__Viridiplantae;p__Streptophyta;c__Magnoliopsida;o__Poales;f__Poaceae;g__Hordeum	0	33	33
d__Eukaryota;k__Viridiplantae;p__Streptophyta;c__Magnoliopsida;o__Fabales;f__Fabaceae;g__Vicia	0	31	31
d__Eukaryota;k__Viridiplantae;p__Streptophyta;c__Magnoliopsida;o__Fabales;f__Fabaceae;g__Vicia;s__Vicia_villosa	0	31	31
d__Eukaryota;k__Viridiplantae;p__Streptophyta;c__Magnoliopsida;o__Apiales;f__Apiaceae;g__Apium;s__Apium_graveolens	0	30	30
d__Eukaryota;k__Viridiplantae;p__Streptophyta;c__Magnoliopsida;o__Apiales;f__Apiaceae	0	30	30
d__Eukaryota;k__Viridiplantae;p__Streptophyta;c__Magnoliopsida;o__Apiales;f__Apiaceae;g__Apium	0	30	30
d__Eukaryota;p__Apicomplexa;c__Aconoidasida;o__Haemosporida;f__Plasmodiidae;g__Plasmodium;s__Plasmodium_cynomolgi	0	30	30
d__Eukaryota;p__Apicomplexa	0	30	30
d__Eukaryota;p__Apicomplexa;c__Aconoidasida;o__Haemosporida;f__Plasmodiidae	0	30	30
d__Eukaryota;p__Apicomplexa;c__Aconoidasida;o__Haemosporida	0	30	30
d__Bacteria;k__Bacillati;p__Bacillota;c__Bacilli;o__Lactobacillales;f__Enterococcaceae;g__Enterococcus;s__Enterococcus_raffinosus	30	0	30
d__Eukaryota;k__Viridiplantae;p__Streptophyta;c__Magnoliopsida;o__Apiales	0	30	30
d__Eukaryota;p__Apicomplexa;c__Aconoidasida	0	30	30
d__Eukaryota;p__Apicomplexa;c__Aconoidasida;o__Haemosporida;f__Plasmodiidae;g__Plasmodium	0	30	30
d__Bacteria;k__Pseudomonadati;p__Pseudomonadota;c__Gammaproteobacteria;o__Pseudomonadales;f__Pseudomonadaceae;g__Pseudomonas;s__Pseudomonas_nicosulfuronedens	0	29	29
d__Bacteria;k__Pseudomonadati;p__Pseudomonadota;c__Gammaproteobacteria;o__Enterobacterales;f__Enterobacteriaceae;g__Klebsiella;s__Klebsiella_michiganensis	29	0	29
d__Bacteria;k__Pseudomonadati;p__Pseudomonadota;c__Gammaproteobacteria;o__Pseudomonadales;f__Pseudomonadaceae;g__Pseudomonas;s__Pseudomonas_protegens	0	29	29
d__Bacteria;k__Bacillati;p__Bacillota;c__Bacilli;o__Lactobacillales;f__Enterococcaceae;g__Enterococcus;s__Enterococcus_sp._22-H-5-01	28	0	28
d__Eukaryota;k__Viridiplantae;p__Streptophyta;c__Magnoliopsida;o__Fabales;f__Fabaceae;g__Cicer	0	28	28
d__Eukaryota;k__Viridiplantae;p__Streptophyta;c__Magnoliopsida;o__Fabales;f__Fabaceae;g__Cicer;s__Cicer_arietinum	0	28	28
d__Bacteria;k__Pseudomonadati;p__Pseudomonadota;c__Gammaproteobacteria;o__Pseudomonadales;f__Pseudomonadaceae;g__Pseudomonas;s__Pseudomonas_tohonis	0	27	27
d__Eukaryota;k__Fungi;p__Basidiomycota;c__Tremellomycetes;o__Tremellales;f__Cryptococcaceae;g__Kwoniella	26	0	26
d__Bacteria;k__Bacillati;p__Bacillota;c__Bacilli;o__Lactobacillales;f__Enterococcaceae;g__Enterococcus;s__Candidatus_Enterococcus_clewellii	26	0	26
d__Bacteria;k__Bacillati;p__Bacillota;c__Bacilli;o__Caryophanales;f__Bacillaceae;g__Bacillus;s__Bacillus_sp._SRL337	25	0	25
d__Bacteria;k__Bacillati;p__Bacillota;c__Bacilli;o__Lactobacillales;f__Streptococcaceae;g__Streptococcus;s__Streptococcus_thermophilus	13	12	25
d__Eukaryota;k__Viridiplantae;p__Streptophyta;c__Magnoliopsida;o__Malpighiales;f__Euphorbiaceae	0	24	24
d__Eukaryota;k__Viridiplantae;p__Streptophyta;c__Magnoliopsida;o__Malpighiales;f__Euphorbiaceae;g__Euphorbia	0	24	24
d__Bacteria;k__Bacillati;p__Bacillota;c__Bacilli;o__Caryophanales;f__Staphylococcaceae;g__Staphylococcus;s__Staphylococcus_capitis	24	0	24
d__Bacteria;k__Bacillati;p__Bacillota;c__Bacilli;o__Caryophanales;f__Staphylococcaceae;g__Staphylococcus;s__Staphylococcus_cohnii	24	0	24
d__Eukaryota;k__Viridiplantae;p__Streptophyta;c__Magnoliopsida;o__Malpighiales	0	24	24
d__Eukaryota;k__Viridiplantae;p__Streptophyta;c__Magnoliopsida;o__Malpighiales;f__Euphorbiaceae;g__Euphorbia;s__Euphorbia_lathyris	0	24	24
d__Eukaryota;k__Viridiplantae;p__Streptophyta;c__Magnoliopsida;o__Lamiales;f__Lamiaceae;g__Salvia;s__Salvia_miltiorrhiza	0	24	24
d__Bacteria;k__Bacillati;p__Bacillota;c__Clostridia;o__Eubacteriales;f__Clostridiaceae	0	22	22
d__Bacteria;k__Bacillati;p__Bacillota;c__Clostridia;o__Eubacteriales	0	22	22
d__Bacteria;k__Bacillati;p__Bacillota;c__Clostridia	0	22	22
d__Bacteria;k__Bacillati;p__Bacillota;c__Clostridia;o__Eubacteriales;f__Clostridiaceae;g__Clostridium	0	22	22
d__Bacteria;k__Bacillati;p__Bacillota;c__Bacilli;o__Lactobacillales;f__Enterococcaceae;g__Enterococcus;s__Enterococcus_sp._DIV0210g	22	0	22
d__Bacteria;k__Bacillati;p__Bacillota;c__Clostridia;o__Eubacteriales;f__Clostridiaceae;g__Clostridium;s__Clostridium_perfringens	0	22	22
d__Eukaryota;k__Viridiplantae;p__Streptophyta;c__Magnoliopsida;o__Ericales;f__Ebenaceae	0	21	21
d__Eukaryota;k__Viridiplantae;p__Streptophyta;c__Magnoliopsida;o__Ericales;f__Ebenaceae;g__Diospyros	0	21	21
d__Bacteria;k__Bacillati;p__Bacillota;c__Bacilli;o__Caryophanales;f__Bacillaceae;g__Bacillus;s__Bacillus_toyonensis	0	21	21
d__Eukaryota;k__Viridiplantae;p__Streptophyta;c__Magnoliopsida;o__Ericales;f__Ebenaceae;g__Diospyros;s__Diospyros_lotus	0	21	21
d__Bacteria;k__Bacillati;p__Bacillota;c__Bacilli;o__Lactobacillales;f__Enterococcaceae;g__Enterococcus;s__Enterococcus_devriesei	20	0	20
d__Bacteria;k__Pseudomonadati;p__Pseudomonadota;c__Gammaproteobacteria;o__Pseudomonadales;f__Pseudomonadaceae;g__Pseudomonas;s__Pseudomonas_benzenivorans	0	20	20
d__Bacteria;k__Pseudomonadati;p__Pseudomonadota;c__Gammaproteobacteria;o__Enterobacterales;f__Enterobacteriaceae;g__Trabulsiella;s__Trabulsiella_odontotermitis	19	0	19
d__Bacteria;k__Bacillati;p__Bacillota;c__Bacilli;o__Caryophanales;f__Staphylococcaceae;g__Staphylococcus;s__Staphylococcus_debuckii	19	0	19
d__Bacteria;k__Pseudomonadati;p__Pseudomonadota;c__Gammaproteobacteria;o__Enterobacterales;f__Enterobacteriaceae;g__Trabulsiella	19	0	19
d__Bacteria;k__Pseudomonadati;p__Pseudomonadota;c__Gammaproteobacteria;o__Enterobacterales;f__Enterobacteriaceae;g__Enterobacter;s__Enterobacter_ludwigii	18	0	18
d__Bacteria;k__Bacillati;p__Bacillota;c__Bacilli;o__Lactobacillales;f__Lactobacillaceae;g__Companilactobacillus	18	0	18
d__Bacteria;k__Bacillati;p__Bacillota;c__Bacilli;o__Caryophanales;f__Staphylococcaceae;g__Staphylococcus;s__Staphylococcus_agnetis	18	0	18
d__Bacteria;k__Bacillati;p__Bacillota;c__Bacilli;o__Lactobacillales;f__Lactobacillaceae;g__Companilactobacillus;s__Companilactobacillus_farciminis	18	0	18
d__Bacteria;k__Bacillati;p__Bacillota;c__Bacilli;o__Lactobacillales;f__Enterococcaceae;g__Enterococcus;s__Enterococcus_cecorum	0	17	17
d__Bacteria;k__Pseudomonadati;p__Pseudomonadota;c__Gammaproteobacteria;o__Pseudomonadales;f__Pseudomonadaceae;g__Pseudomonas;s__Pseudomonas_knackmussii	0	17	17
d__Bacteria;k__Bacillati;p__Bacillota;c__Bacilli;o__Caryophanales;f__Anoxybacillaceae	0	16	16
d__Bacteria;k__Bacillati;p__Bacillota;c__Bacilli;o__Caryophanales;f__Anoxybacillaceae;g__Anoxybacillus;s__Anoxybacillus_gonensis	0	16	16
d__Bacteria;k__Bacillati;p__Bacillota;c__Bacilli;o__Caryophanales;f__Anoxybacillaceae;g__Anoxybacillus	0	16	16
d__Bacteria;k__Pseudomonadati;p__Pseudomonadota;c__Gammaproteobacteria;o__Enterobacterales;f__Enterobacteriaceae;g__Kosakonia	16	0	16
d__Bacteria;k__Pseudomonadati;p__Pseudomonadota;c__Gammaproteobacteria;o__Moraxellales;f__Moraxellaceae;g__Acinetobacter;s__Acinetobacter_pittii	0	16	16
d__Bacteria;k__Pseudomonadati;p__Pseudomonadota;c__Gammaproteobacteria;o__Pseudomonadales;f__Pseudomonadaceae;g__Pseudomonas;s__Pseudomonas_oryzihabitans	0	16	16
d__Bacteria;k__Pseudomonadati;p__Pseudomonadota;c__Gammaproteobacteria;o__Pseudomonadales;f__Pseudomonadaceae;g__Pseudomonas;s__Pseudomonas_sp._TCU-HL1	0	16	16
d__Bacteria;k__Pseudomonadati;p__Pseudomonadota;c__Gammaproteobacteria;o__Enterobacterales;f__Enterobacteriaceae;g__Kosakonia;s__Kosakonia_styphnolobii	16	0	16
d__Bacteria;k__Bacillati;p__Bacillota;c__Bacilli;o__Lactobacillales;f__Streptococcaceae;g__Pseudolactococcus	0	15	15
d__Bacteria;k__Pseudomonadati;p__Pseudomonadota;c__Gammaproteobacteria;o__Pseudomonadales;f__Pseudomonadaceae;g__Pseudomonas;s__Pseudomonas_cavernae	0	15	15
d__Bacteria;k__Bacillati;p__Bacillota;c__Bacilli;o__Lactobacillales;f__Streptococcaceae;g__Pseudolactococcus;s__Pseudolactococcus_paracarnosus	0	15	15
d__Bacteria;k__Bacillati;p__Bacillota;c__Bacilli;o__Lactobacillales;f__Enterococcaceae;g__Enterococcus;s__Enterococcus_rotai	15	0	15
d__Eukaryota;k__Fungi;p__Basidiomycota;c__Tremellomycetes;o__Tremellales;f__Cryptococcaceae;g__Kwoniella;s__Kwoniella_shivajii	15	0	15
d__Bacteria;k__Bacillati;p__Bacillota;c__Bacilli;o__Lactobacillales;f__Lactobacillaceae;g__Lactobacillus;s__Lactobacillus_gasseri	15	0	15
d__Bacteria;k__Bacillati;p__Bacillota;c__Bacilli;o__Lactobacillales;f__Lactobacillaceae;g__Lacticaseibacillus;s__Lacticaseibacillus_zeae	0	14	14
d__Bacteria;k__Bacillati;p__Bacillota;c__Bacilli;o__Lactobacillales;f__Enterococcaceae;g__Enterococcus;s__Enterococcus_sp._DIV0724b	14	0	14
d__Bacteria;k__Bacillati;p__Bacillota;c__Bacilli;o__Lactobacillales;f__Lactobacillaceae;g__Lacticaseibacillus	0	14	14
d__Bacteria;k__Bacillati;p__Bacillota;c__Bacilli;o__Lactobacillales;f__Enterococcaceae;g__Enterococcus;s__Enterococcus_durans	14	0	14
d__Bacteria;k__Pseudomonadati;p__Pseudomonadota;c__Gammaproteobacteria;o__Pseudomonadales;f__Pseudomonadaceae;g__Pseudomonas;s__Pseudomonas_solani	0	14	14
d__Bacteria;k__Bacillati;p__Bacillota;c__Bacilli;o__Lactobacillales;f__Streptococcaceae;g__Streptococcus;s__Streptococcus_iniae	0	14	14
d__Bacteria;k__Bacillati;p__Bacillota;c__Bacilli;o__Caryophanales;f__Bacillaceae;g__Shouchella	13	0	13
d__Bacteria;k__Bacillati;p__Bacillota;c__Bacilli;o__Caryophanales;f__Bacillaceae;g__Shouchella;s__Shouchella_clausii	13	0	13
d__Bacteria;k__Pseudomonadati;p__Pseudomonadota;c__Gammaproteobacteria;o__Enterobacterales;f__Enterobacteriaceae;g__Citrobacter;s__Citrobacter_farmeri	13	0	13
d__Bacteria;k__Bacillati;p__Bacillota;c__Bacilli;o__Caryophanales;f__Staphylococcaceae;g__Staphylococcus;s__Staphylococcus_shinii	13	0	13
d__Eukaryota;k__Viridiplantae;p__Streptophyta;c__Magnoliopsida;o__Lamiales;f__Gesneriaceae	0	12	12
d__Bacteria;k__Bacillati;p__Actinomycetota;c__Actinomycetes;o__Propionibacteriales;f__Propionibacteriaceae;g__Cutibacterium;s__Cutibacterium_acnes	0	12	12
d__Bacteria;k__Bacillati;p__Actinomycetota;c__Actinomycetes;o__Propionibacteriales;f__Propionibacteriaceae	0	12	12
d__Bacteria;k__Bacillati;p__Bacillota;c__Bacilli;o__Lactobacillales;f__Lactobacillaceae;g__Limosilactobacillus;s__Limosilactobacillus_reuteri	12	0	12
d__Eukaryota;k__Fungi;p__Basidiomycota;c__Tremellomycetes;o__Tremellales;f__Cryptococcaceae;g__Cryptococcus;s__Cryptococcus_deuterogattii	12	0	12
d__Bacteria;k__Bacillati;p__Actinomycetota;c__Actinomycetes;o__Propionibacteriales	0	12	12
d__Bacteria;k__Pseudomonadati;p__Pseudomonadota;c__Gammaproteobacteria;o__Pseudomonadales;f__Pseudomonadaceae;g__Pseudomonas;s__Pseudomonas_entomophila	0	12	12
d__Bacteria;k__Bacillati;p__Actinomycetota;c__Actinomycetes;o__Propionibacteriales;f__Propionibacteriaceae;g__Cutibacterium	0	12	12
d__Eukaryota;k__Viridiplantae;p__Streptophyta;c__Magnoliopsida;o__Lamiales;f__Gesneriaceae;g__Primulina	0	12	12
d__Eukaryota;k__Viridiplantae;p__Streptophyta;c__Magnoliopsida;o__Lamiales;f__Gesneriaceae;g__Primulina;s__Primulina_eburnea	0	12	12
d__Eukaryota;k__Fungi;p__Ascomycota;c__Pichiomycetes	0	11	11
d__Bacteria;k__Bacillati;p__Bacillota;c__Bacilli;o__Caryophanales;f__Bacillaceae;g__Priestia	0	11	11
d__Bacteria;k__Pseudomonadati;p__Pseudomonadota;c__Gammaproteobacteria;o__Enterobacterales;f__Enterobacteriaceae;g__Citrobacter;s__Citrobacter_rodentium	11	0	11
d__Bacteria;k__Pseudomonadati;p__Pseudomonadota;c__Gammaproteobacteria;o__Pseudomonadales;f__Pseudomonadaceae;g__Pseudomonas;s__Pseudomonas_oryzae	0	11	11
d__Bacteria;k__Bacillati;p__Bacillota;c__Bacilli;o__Caryophanales;f__Bacillaceae;g__Priestia;s__Priestia_megaterium	0	11	11
d__Bacteria;k__Bacillati;p__Bacillota;c__Bacilli;o__Caryophanales;f__Bacillaceae;g__Bacillus;s__Bacillus_fonticola	11	0	11
d__Eukaryota;k__Fungi;p__Ascomycota;c__Pichiomycetes;o__Serinales;f__Debaryomycetaceae;g__Yamadazyma;s__Yamadazyma_tenuis	0	11	11
d__Eukaryota;k__Fungi;p__Ascomycota;c__Pichiomycetes;o__Serinales	0	11	11
d__Eukaryota;k__Fungi;p__Ascomycota;c__Saccharomycetes;o__Saccharomycetales;f__Saccharomycetaceae;g__Kluyveromyces;s__Kluyveromyces_lactis	11	0	11
d__Eukaryota;k__Fungi;p__Ascomycota;c__Pichiomycetes;o__Serinales;f__Debaryomycetaceae;g__Yamadazyma	0	11	11
d__Eukaryota;k__Fungi;p__Ascomycota;c__Pichiomycetes;o__Serinales;f__Debaryomycetaceae	0	11	11
d__Eukaryota;k__Fungi;p__Ascomycota;c__Saccharomycetes;o__Saccharomycetales;f__Saccharomycetaceae;g__Kluyveromyces	11	0	11
d__Bacteria;k__Bacillati;p__Cyanobacteriota;s__cyanobacterium_endosymbiont_of_Rhopalodia_gibberula	0	10	10
d__Bacteria;k__Bacillati;p__Cyanobacteriota	0	10	10
d__Eukaryota;k__Fungi;p__Basidiomycota;c__Tremellomycetes;o__Tremellales;f__Cryptococcaceae;g__Kwoniella;s__Kwoniella_dejecticola	10	0	10
d__Bacteria;k__Bacillati;p__Bacillota;c__Bacilli;o__Lactobacillales;f__Enterococcaceae;g__Enterococcus;s__Enterococcus_sp._AMC1157	0	10	10
d__Bacteria;k__Bacillati;p__Bacillota;c__Bacilli;o__Caryophanales;f__Bacillaceae;g__Bacillus;s__Bacillus_pseudomycoides	0	10	10
d__Bacteria;k__Bacillati;p__Bacillota;c__Bacilli;o__Caryophanales;f__Thermoactinomycetaceae	0	10	10
d__Bacteria;k__Bacillati;p__Bacillota;c__Bacilli;o__Caryophanales;f__Staphylococcaceae;g__Staphylococcus;s__Staphylococcus_pseudintermedius	0	10	10
d__Bacteria;k__Bacillati;p__Bacillota;c__Bacilli;o__Caryophanales;f__Thermoactinomycetaceae;g__Thermoactinomyces;s__Thermoactinomyces_vulgaris	0	10	10
d__Bacteria;k__Bacillati;p__Bacillota;c__Bacilli;o__Caryophanales;f__Thermoactinomycetaceae;g__Thermoactinomyces	0	10	10
