locus_tag	baseMean	log2FoldChange	lfcSE	stat	pvalue	padj
IODOLM_00014	30755.7429281423	4.03904550293685	0.128422611902176	31.4512019582154	4.04174253858844e-217	8.84333267443151e-214
IODOLM_00015	3266.70733243253	2.83694157917841	0.145840460118013	19.4523630608597	2.7830517239884e-84	3.0446585860433e-82
IODOLM_00017	45.2576954221864	3.4296015028076	0.418146080980082	8.20192190913053	2.36573963363329e-16	1.53825804409796e-15
IODOLM_00112	81.2390301928225	2.55765658685624	0.311997292330858	8.19768840860314	2.4505354728285e-16	1.58632296288425e-15
IODOLM_00113	22.0378551237083	2.36863123975604	0.53092417619052	4.46133618693239	8.1450195771614e-06	2.24449657869385e-05
IODOLM_00114	22.6104464803474	2.61427524187752	0.485927832277177	5.37996605303793	7.44998857323722e-08	2.5155208330622e-07
IODOLM_00115	22.9396048194794	3.00648727594721	0.546184658658115	5.50452530712534	3.70164288594683e-08	1.28456695233175e-07
IODOLM_00118	5.5933073866676	2.12701093248608	0.84798504144833	2.50831185518699	0.0121309551442983	0.0211747346276224
IODOLM_00133	7.7604030480113	2.8540607268435	0.833523016692902	3.4240934799465	0.000616853981156827	0.00132907583532362
IODOLM_00140	217.440749516104	-2.28332654523312	0.319887308532957	-7.13790914589496	9.4761227741952e-13	4.79393216877205e-12
IODOLM_00185	12198.6612647912	-2.6557947570279	0.197439766939414	-13.4511643636757	3.03062205871563e-41	7.40893973683776e-40
IODOLM_00191	7.05961265180536	2.50213832981972	0.878726803904172	2.84745875362257	0.00440698045889274	0.00835207730104574
IODOLM_00192	7.88841300697384	2.99306426798117	0.810676165058256	3.69205904526141	0.000222445802739927	0.000510179681755723
IODOLM_00206	166.514452550779	3.74421654127443	0.2795636080892	13.3930756111853	6.63741900051271e-41	1.57001867817533e-39
IODOLM_00207	49.2066250110977	2.97934366457219	0.366435830403494	8.13060136966285	4.27165914146062e-16	2.71303053745017e-15
IODOLM_00208	34.2353863047119	2.71756338485648	0.460558851649065	5.90057790687562	3.62230523730598e-09	1.38559508028417e-08
IODOLM_00209	8.78030168187106	2.85532409958274	0.801276306555144	3.56347002428961	0.000365984505078395	0.00081338151052466
IODOLM_00227	33.7549364105665	2.27370175287697	0.444893044410676	5.11067048910331	3.21017465760053e-07	1.02838391666617e-06
IODOLM_00261	1569.57165057842	3.9319589255867	0.212642511761815	18.4909352932727	2.44280618275151e-76	2.13794397114412e-74
IODOLM_00268	981.516988108188	3.20401191405947	0.199748720760873	16.0402124321743	6.69250425704589e-58	3.57151202790644e-56
IODOLM_00272	15.5115754794515	2.66580102176191	0.596436234973423	4.46954907406103	7.83846738842662e-06	2.16410935594668e-05
IODOLM_00273	56.350978747602	2.85988564972281	0.357601953587257	7.99739940186034	1.27074519645984e-15	7.78820865505361e-15
IODOLM_00274	17.8041495276033	2.32024960984891	0.79224166108367	2.92871446153835	0.00340366937578577	0.00659630522074338
IODOLM_00275	64.5011728804867	2.86518112319593	0.426937412363365	6.71100971764308	1.9328223504902e-11	8.73763492329039e-11
IODOLM_00276	374.662073106487	4.14016991090873	0.290254967159589	14.263907182792	3.67300627709217e-46	1.13404001542056e-44
IODOLM_00277	7.40222888720283	2.61551744652449	0.936455766211539	2.79299625342225	0.00522222967919724	0.00975351134279433
IODOLM_00284	33.7147872542999	2.67121010791276	0.408421380429471	6.54032877785163	6.13837378640303e-11	2.65955680092076e-10
IODOLM_00285	62.2741434446351	2.46152761382833	0.380655713785185	6.46654581735093	1.00268435384191e-10	4.2849089183713e-10
IODOLM_00288	52.2597601166836	3.92161967360488	0.42429490308678	9.2426744820048	2.40411491163129e-20	1.98873475487685e-19
IODOLM_00289	2012.48529243719	3.88480784068843	0.153034649125918	25.3851520742338	3.67888109376404e-142	2.01234795828893e-139
IODOLM_00290	2491.55073939845	3.3116750877935	0.168725028648977	19.6276457281466	8.97793625359276e-86	1.03388023804531e-83
IODOLM_00291	1347.88215583973	3.21714249601311	0.183754748840952	17.5078060093984	1.24916620770019e-68	8.81669568531618e-67
IODOLM_00292	2601.71240624679	3.08833116457458	0.147286772631679	20.9681501562778	1.28150590541865e-97	2.15687301619692e-95
IODOLM_00293	200.467694245213	2.01586909325582	0.187105016099493	10.7739981283232	4.56727138879008e-27	5.56723665664217e-26
IODOLM_00300	386.910276318014	-2.14957934790241	0.149737940849271	-14.3556091108947	9.82584246840315e-47	3.11578888708204e-45
IODOLM_00305	8.75755418045864	3.26901028363996	0.796048531583383	4.10654646537406	4.01618701296223e-05	0.00010129587532405
IODOLM_00330	259.5295235736	-2.19222780047081	0.264683134953645	-8.28246121859912	1.20655256992421e-16	7.98770657486888e-16
IODOLM_00337	6.57442363818543	2.47840656203647	0.796755165341208	3.1106250324403	0.0018669184004038	0.00373213107362587
IODOLM_00354	781.508319089987	-2.31481238566838	0.171156476853179	-13.5245386457333	1.1204435835418e-41	2.7858301827153e-40
IODOLM_00397	2887.77064697971	3.47796844410468	0.207410884334303	16.7684953239914	4.14882272051964e-63	2.42069976333253e-61
IODOLM_00399	1904.96858765923	-3.43852772499291	0.125337964648736	-27.4340478930666	1.07696611081672e-165	7.85467283488993e-163
IODOLM_00403	776.030287188309	2.44378476498778	0.215439933952498	11.3432301994977	8.01310461965002e-30	1.15727213912833e-28
IODOLM_00416	5374.61899401616	2.87904841992182	0.17279461010439	16.6616795407132	2.48934626337835e-62	1.41472457773294e-60
IODOLM_00426	1355.49663833612	-2.1512694677248	0.24393369017566	-8.81907483208098	1.15409294925821e-18	8.60941926963592e-18
IODOLM_00439	1484.10799561035	-2.35437323456273	0.114865732455785	-20.4967415801662	2.30200935892736e-93	3.59771176952362e-91
IODOLM_00441	83.6403971780242	2.03224706907693	0.361612068007879	5.61996473257263	1.90996443417848e-08	6.81173949793399e-08
IODOLM_00451	14.8076457176377	2.00691721347322	0.601664693018785	3.33560741848377	0.000851132643959649	0.0017863580095767
IODOLM_00452	9.94992047517707	2.13223354952846	0.681013864966179	3.1309693667314	0.00174230333454874	0.003497394216507
IODOLM_00471	25.4219909103228	2.89598825364751	0.498238484514955	5.81245396261755	6.15636176511057e-09	2.29669557409411e-08
IODOLM_00472	3.82001968458794	2.99830191448401	1.0725541676785	2.79547831227368	0.0051822978761521	0.00968720013073113
IODOLM_00495	10.2567399058771	2.05265996177791	0.761048226564253	2.69714834110399	0.00699361082140208	0.0127783052001902
IODOLM_00498	50.3942999626703	2.85581963713743	0.372661132485978	7.66331497488508	1.81194237803834e-14	1.04192639241732e-13
IODOLM_00513	80.2095629544689	3.85657731732258	1.37762816630161	2.7994326855816	0.00511924889692461	0.00958572236754047
IODOLM_00514	34.116078155906	4.76724955617763	1.25693331858097	3.79276250036849	0.000148980629984894	0.000350882258780353
IODOLM_00515	54.9049750013143	2.25755484204385	0.507526965201792	4.4481475799936	8.6614014209063e-06	2.37930273809705e-05
IODOLM_00531	186.958350170007	2.07496023765915	0.199198383980306	10.4165515613033	2.08371799442808e-25	2.33803844708135e-24
IODOLM_00532	184.686293232594	2.47597611342847	0.2654307692495	9.32814277873375	1.07742206486525e-20	9.10192848619758e-20
IODOLM_00536	1257.18058163616	2.32209294747797	0.241632719065937	9.61001041768817	7.25416464387623e-22	6.5723032053007e-21
IODOLM_00547	13.6271174258098	2.19073319795683	0.559042953014187	3.9187207103588	8.90201920487777e-05	0.000215818482219087
IODOLM_00551	707.957075363195	2.2861385822936	0.27029339781271	8.45798898823898	2.72027797820833e-17	1.86290085017835e-16
IODOLM_00560	10.4976387569867	2.98867083623	0.778284711627554	3.84007393641342	0.00012299726188313	0.000293476563795298
IODOLM_00561	2.69273059082689	3.08454803450793	1.29012525979714	2.39089035044004	0.0168075716647673	0.028585283173347
IODOLM_00562	6.60879694923482	4.39051139564638	1.11959097549338	3.92153160551475	8.79879046632358e-05	0.000213434074726341
IODOLM_00591	8.13130620908444	2.67696766015423	0.769598621736614	3.47839456119815	0.000504426840158465	0.00110203287695129
IODOLM_00605	55.2314049764909	2.54233107336426	0.315365294355732	8.06154360947692	7.53370079443099e-16	4.70963923949e-15
IODOLM_00620	72.2048543731227	4.19203563925205	1.52337146948717	2.75181446102785	0.00592660885259934	0.0109614709801246
IODOLM_00621	35.5253677805337	3.38323586476231	0.721047710762068	4.69211095779862	2.70400398127547e-06	7.877976978736e-06
IODOLM_00622	52.7006493282543	2.09773042725621	0.576455720167584	3.63901398471051	0.000273683938456767	0.000618935873223158
IODOLM_00637	5.84151356353002	2.05795541996349	0.803541625494146	2.56110617629538	0.0104339462821817	0.0184629797536705
IODOLM_00639	181.303804032707	2.29143750837244	0.230078663994948	9.9593654995439	2.29522844686992e-23	2.27753280805051e-22
IODOLM_00643	1295.19379291899	2.15698321030143	0.179695703556947	12.0035324585146	3.40449334078903e-33	5.8885623949774e-32
IODOLM_00658	720.627194417526	2.23724524898368	0.203596851950719	10.9886043303126	4.33578705435078e-28	5.56440238925732e-27
IODOLM_00667	10.9306998066641	4.59289320572406	0.950879779172587	4.83015130442735	1.36429339053081e-06	4.14018576765799e-06
IODOLM_00668	2.63999377556672	3.89580440365557	1.42632987238321	2.73134881284242	0.00630756736887594	0.0116120802718557
IODOLM_00669	6.29073904109567	3.66734264597511	1.05695421086619	3.46972707830897	0.00052098746217161	0.00113537905102737
IODOLM_00698	7.15547267395515	3.11135997418491	0.873406180167196	3.56232878222742	0.000367579635783459	0.000816097659151911
IODOLM_00714	12562.9626233557	-4.40322409125339	0.120061321034049	-36.674792958547	1.84259506151031e-294	8.0631959891691e-291
IODOLM_00731	6.72627742275081	3.21531348301748	0.956683949376754	3.36089414389375	0.000776905948215725	0.00164716106075195
IODOLM_00748	631.239984689059	2.41574955231265	0.171425016718957	14.0921646008829	4.24352236034329e-45	1.263241758426e-43
IODOLM_00760	6.26863743870852	2.20565999619484	0.789239443480098	2.79466518610515	0.00519534910220568	0.00970744990232796
IODOLM_00762	204.876208816463	2.37012151239625	0.251816710527276	9.4120898785211	4.86368547982544e-21	4.22291421819764e-20
IODOLM_00763	264.032433966558	4.11424426645456	0.234053745392623	17.5782030727727	3.61863982459647e-69	2.59592915941543e-67
IODOLM_00764	40.4196448242195	2.20584907917175	0.430120904467049	5.12843959980264	2.92153599653095e-07	9.40047170648489e-07
IODOLM_00765	413.728880432392	2.1803345254982	0.183528925908828	11.8800593132732	1.50260704166167e-32	2.50015529061273e-31
IODOLM_00766	327.64464445323	2.64329702548767	0.178705181703882	14.7913843363963	1.66493890652659e-49	6.33545448257421e-48
IODOLM_00811	421.016472460605	2.37156086113192	0.160852296918077	14.7437177247134	3.37672532742035e-49	1.25225000277894e-47
IODOLM_00812	911.313475685	3.58745353085968	0.148049759446307	24.2314039838798	1.03859696696558e-129	3.78741693953447e-127
IODOLM_00813	1879.68008273004	3.12602274697751	0.204276577848298	15.3028936547928	7.31314886519638e-53	3.10702324602906e-51
IODOLM_00814	1676.68515324697	3.5681127892972	0.17582484344937	20.2935644320631	1.46573378023594e-91	2.00439094447265e-89
IODOLM_00815	896.725548563163	3.84845623958421	0.17974983242085	21.41006858117	1.07654155275095e-101	2.04823731949486e-99
IODOLM_00816	764.426669279351	4.58172491138157	0.207189513341493	22.1136911684806	2.33380186931467e-108	5.37511420006368e-106
IODOLM_00825	33.4832109919224	2.49203774356826	0.389349620554951	6.40051411894606	1.54854629578797e-10	6.54728366219144e-10
IODOLM_00834	344.767975417205	2.52225368369938	0.185724125426487	13.5806464448677	5.21639998530946e-42	1.31947782287365e-40
IODOLM_00842	363.275072466633	3.27716598325079	0.234698679022639	13.9632911309853	2.61093022821965e-44	7.37124559915433e-43
IODOLM_00843	1239.41418840988	3.7118107939685	0.217395388710361	17.0740088646213	2.31727432521067e-65	1.44862749244599e-63
IODOLM_00844	310.828860546205	-2.79926739617975	0.261087022555234	-10.7215876483771	8.06076409243926e-27	9.66408319685321e-26
IODOLM_00852	1309.02504804859	2.30869604218296	0.189744580375625	12.1673885895058	4.63680572663556e-34	8.4544424415655e-33
IODOLM_00864	95.7523191341972	-2.12454479807081	0.291070818361897	-7.29906491494897	2.89774498363439e-13	1.53517337147507e-12
IODOLM_00875	5419.41527837507	-2.47721767230731	0.155341373700932	-15.9469278099505	2.99260754910908e-57	1.52275007382573e-55
IODOLM_00878	1515.62048264381	2.04140674576467	0.139028230194967	14.6833973424094	8.23584888741705e-49	2.97851857283777e-47
IODOLM_00885	90.0732531797264	-2.08427567767749	0.233523450641976	-8.92533778491043	4.4434112598827e-19	3.40531833156685e-18
IODOLM_00893	477.978609079544	3.69848441760326	0.277072118105002	13.3484539797745	1.20932742005731e-40	2.84517031729613e-39
IODOLM_00894	216.511970420446	3.01978911442238	0.332837528981278	9.07286243731321	1.15930604070555e-19	9.21718949934425e-19
IODOLM_00895	80.9615278022803	2.19672316674058	0.270067865847385	8.13396721541818	4.15464951090405e-16	2.65025455680993e-15
IODOLM_00904	608.107521778717	3.85513824202033	0.180054498073	21.4109521465958	1.05632400433475e-101	2.04823731949486e-99
IODOLM_00910	2413.53719467345	2.71533014035866	0.154326244839696	17.5947399172394	2.70293748934262e-69	1.97134240889388e-67
IODOLM_00913	171.319919264643	3.25990575548221	0.237571749967549	13.7217735523163	7.52030542347602e-43	1.9944761535231e-41
IODOLM_00924	2109.96935622147	-2.30762050794532	0.150321909564162	-15.3511920826176	3.47737239648019e-53	1.49186094186248e-51
IODOLM_00925	1554.17606454166	-2.63440879947685	0.13755965628802	-19.1510277836182	9.4895299412727e-82	9.43776886886576e-80
IODOLM_00960	1709.25560194205	-2.09435621547364	0.143984332535231	-14.5457229866394	6.21705119728996e-48	2.0927550799493e-46
IODOLM_00975	33.2115920708921	2.22471860645047	0.492500004935924	4.51719509472881	6.26641655068244e-06	1.75443626524545e-05
IODOLM_00984	816.153936437883	2.20242802528674	0.160044071281477	13.7613846464405	4.35112724022564e-43	1.17534153106342e-41
IODOLM_00991	40770.6097417249	-3.11054307235779	0.215000774998215	-14.4675900465178	1.9415649994848e-47	6.38818679529735e-46
IODOLM_01023	35.0459379416756	2.77168323175266	0.414350753582825	6.68921971973346	2.24363653562768e-11	1.00802397124299e-10
IODOLM_01024	39.6213821480904	2.99094614312418	0.42027907012431	7.11657171564484	1.10644617316734e-12	5.56529707331066e-12
IODOLM_01025	374.696078487277	4.35572713775383	0.288762933302651	15.084093681749	2.06085047238104e-51	8.50781289352776e-50
IODOLM_01026	269.589364922622	3.7022187546609	0.228922757374574	16.1723491238713	7.9026689325347e-59	4.26939249984838e-57
IODOLM_01028	670.419550851122	2.05745595526163	0.18538641119575	11.0982026244046	1.27991929899483e-28	1.70759965012237e-27
IODOLM_01029	90.3999537472673	2.79320490378284	0.316290949289474	8.83112498178521	1.03628116146453e-18	7.77832995294814e-18
IODOLM_01038	1301.86829748076	2.11319782501878	0.151436309297842	13.9543669204364	2.95917649992821e-44	8.30086946390118e-43
IODOLM_01039	20.9753240877531	2.30786367953557	0.48775072260182	4.73164584405879	2.22706720703058e-06	6.58044976229966e-06
IODOLM_01043	879.945583287181	3.31071227837868	0.211138319112708	15.6803004413963	2.06276230311284e-55	9.81157373741497e-54
IODOLM_01052	1600.81833872664	2.15593621347349	0.137976506532884	15.6253862896555	4.88949395100525e-55	2.27621548187223e-53
IODOLM_01057	1249.60800948137	2.887669397581	0.166502712331037	17.343077221708	2.22499624238115e-67	1.49793593179383e-65
IODOLM_01058	789.936780509939	2.53302442713312	0.172707547341797	14.6665531768576	1.05573420758503e-48	3.7560104816196e-47
IODOLM_01059	1618.7119311709	3.77382384962859	0.192435812409879	19.6108188094975	1.25003237062466e-85	1.40260042406501e-83
IODOLM_01060	71.3292171151135	2.5575874432971	0.33113225771113	7.72376409648457	1.12943784010953e-14	6.56363876270825e-14
IODOLM_01061	55.6018629353716	3.17686293731005	0.384469580785417	8.26297604824852	1.42084758036179e-16	9.34981806265139e-16
IODOLM_01062	46.6453535692126	2.08392064318281	0.329995298982885	6.31500100033512	2.70159728694972e-10	1.11846638861797e-09
IODOLM_01064	168.161367263675	3.27606430781404	0.282810399593942	11.5839598279193	4.96962448249457e-31	7.60387298440428e-30
IODOLM_01067	111.562956058416	2.41753772205534	0.263454940243915	9.17628540128005	4.4621859581067e-20	3.63884578836989e-19
IODOLM_01076	858.597319440005	-2.00193131543147	0.157967836957384	-12.6730311308343	8.34272169151601e-37	1.67466743679239e-35
IODOLM_01077	281.143990390539	-2.44563394405221	0.21601039917823	-11.3218342883313	1.02308515980123e-29	1.46787562599678e-28
IODOLM_01089	41.8696344844321	2.38354976470711	0.40593491077227	5.87175357786431	4.31209384328065e-09	1.63374222148884e-08
IODOLM_01095	149.375703011896	2.58980895481603	0.221589122089325	11.6874372279522	1.47778754148356e-31	2.30135170161283e-30
IODOLM_01158	10.1336813436451	3.49614702883993	0.791441935603691	4.41743970285472	9.98769200562756e-06	2.72142840701284e-05
IODOLM_01159	18.6604917752193	2.81523994611205	0.533038267956817	5.28149687432972	1.28132669203945e-07	4.24665855953652e-07
IODOLM_01167	1006.42495108677	2.41579815293038	0.156708426502961	15.4158790745355	1.28016907816399e-53	5.65860594550061e-52
IODOLM_01173	7307.69013012538	3.07305115686973	0.15600896086918	19.6979144002286	2.24686779269196e-86	2.73119262800557e-84
IODOLM_01177	80.8555447942027	2.53372031518174	0.288061286982927	8.79576822598832	1.42072578503145e-18	1.05196210411127e-17
IODOLM_01178	88.7284199300812	2.70837542504411	0.30629420710049	8.84239845958149	9.36854279470612e-19	7.04411396385464e-18
IODOLM_01181	16.7611455199246	2.80034616357563	0.619581760602085	4.51973628283435	6.19167097150462e-06	1.73684308790412e-05
IODOLM_01189	156.952076395274	2.4711283997172	0.210739659601451	11.7259769916616	9.38123764036707e-32	1.4661534255088e-30
IODOLM_01190	195.633271361379	4.35084865384591	0.314202134183152	13.8472918561073	1.32099231600571e-43	3.65864707268417e-42
IODOLM_01194	76.5433172746293	3.63536803859078	0.360438049847477	10.0859718892862	6.37313337107984e-24	6.48577479810358e-23
IODOLM_01208	31.6797376853588	2.0712266150814	0.468568944565853	4.42032413607879	9.85529628211396e-06	2.69205846008306e-05
IODOLM_01209	529.848209214047	3.83086474836972	0.261268981908047	14.6625317724014	1.12016976090803e-48	3.95311522075286e-47
IODOLM_01233	183.077579435567	2.20697437517491	0.224603486849613	9.82609133157683	8.69273329895255e-23	8.37872266877013e-22
IODOLM_01251	12533.9243801784	2.32895104311668	0.32239120864539	7.22399054522104	5.0483769166174e-13	2.6237170293489e-12
IODOLM_01283	7.23212156006509	-2.30980148507202	0.803044736737703	-2.87630486746651	0.00402360886750155	0.00768207347477608
IODOLM_01317	129.006987261493	2.55450153702207	0.282002451035922	9.05843735626494	1.32332689924027e-19	1.04528492979701e-18
IODOLM_01326	297.858148831939	2.59844881103546	0.240619047460945	10.7990154497524	3.4791408720386e-27	4.28865364958899e-26
IODOLM_01333	237.023820873623	3.12357947104608	0.227032840405389	13.7582715587253	4.54257673834213e-43	1.21952857711566e-41
IODOLM_01339	1310.54533558598	5.23561729380953	0.337411998438564	15.5169861120479	2.66266741525447e-54	1.18896251113812e-52
IODOLM_01340	46.6220420844725	2.97538611465102	0.431764833334111	6.89121921226176	5.53162191983939e-12	2.59168924210034e-11
IODOLM_01364	655.212321433061	2.09289680796642	0.149509805890811	13.9983915803817	1.5943835875137e-44	4.60211268803109e-43
IODOLM_01366	410.366551309524	2.40516874779695	0.181141368845491	13.2778545460176	3.11182783812707e-40	7.09237428106462e-39
IODOLM_01374	386.289247903975	2.04821985436306	0.214530472395333	9.54745417512826	1.32922457127138e-21	1.19194400079581e-20
IODOLM_01375	1339.77305085874	4.37600679257451	0.205538825360454	21.2904145233889	1.39290516479671e-100	2.53973041714601e-98
IODOLM_01376	489.557994292829	4.83168754693424	0.272515931036429	17.7299269387974	2.4635423084484e-70	1.89130897224039e-68
IODOLM_01377	483.921320326301	2.35579219637513	0.161731301509964	14.5660869255418	4.61584080100209e-48	1.56580770117714e-46
IODOLM_01378	959.710605666529	4.60682361386263	0.19259416961107	23.9198498228985	1.90384161070279e-126	6.40862376033492e-124
IODOLM_01379	699.190596626754	4.87521767293848	0.19379293834314	25.1568386062973	1.18954222862691e-139	5.7838186583015e-137
IODOLM_01380	585.00487835645	4.16138046771129	0.218597625429106	19.0367139603759	8.46764068195012e-81	8.23431013871416e-79
IODOLM_01387	21.789205726508	2.68933427499646	0.546541814102213	4.92063773640842	8.62626678296968e-07	2.67720166257272e-06
IODOLM_01389	8.54256603908168	2.55424235412068	0.732572426143881	3.48667553263739	0.000489064319333552	0.00107060803471917
IODOLM_01397	20.2799064359514	2.58537507361985	0.744568177887999	3.4723147596146	0.00051599096987892	0.0011261728100699
IODOLM_01399	1464.96533057103	2.35576254912427	0.169849523857374	13.8697035801081	9.66754801297512e-44	2.69459809584581e-42
IODOLM_01402	2634.64736449741	2.09517589921237	0.224088553706444	9.34976760105763	8.78405190712948e-21	7.46388565933954e-20
IODOLM_01406	150.509755648312	2.52165586424272	0.237741073866588	10.6067320351122	2.7727805754969e-26	3.23565007956652e-25
IODOLM_01407	148.202387834929	2.07552081941944	0.210540904921414	9.858040746021	6.32719348190114e-23	6.13920148044332e-22
IODOLM_01420	993.850577838132	2.26732732388246	0.176825861517609	12.8223739696395	1.22879738760072e-37	2.54844425030367e-36
IODOLM_01422	138.632901763367	2.08641340994943	0.26998626084967	7.72785031128362	1.09377849070685e-14	6.36485994060265e-14
IODOLM_01429	205.855122619109	-2.3773432829247	0.201517342308168	-11.7972143523468	4.03446794114833e-32	6.44336923739601e-31
IODOLM_01430	31.1366581825679	-3.25967515151191	0.427446652836418	-7.62592274353209	2.42294913049572e-14	1.37699031104536e-13
IODOLM_01431	10.1494051572272	-2.44403565832894	0.645719415405174	-3.78498090659914	0.00015372038003312	0.00036049323849139
IODOLM_01432	27.6150850371931	-2.48113177012578	0.445424329634956	-5.5702654863042	2.54351462314951e-08	8.95448108680793e-08
IODOLM_01433	16.6020724884712	2.30948917488771	0.528248508900867	4.37197481104697	1.23127733684221e-05	3.31165926614722e-05
IODOLM_01434	19.6677051292635	-2.50087141535009	0.524164479716307	-4.77115774175242	1.83170017327948e-06	5.46388545212748e-06
IODOLM_01435	39.1364472015161	-2.03299643713449	0.338795694690991	-6.00065605611884	1.96521872054685e-09	7.68525211895713e-09
IODOLM_01439	100.431986616798	-2.05998830765083	0.250087639769467	-8.23706565246387	1.76485649173379e-16	1.15268835937717e-15
IODOLM_01451	284.855185165616	2.75219329651978	0.178872094016809	15.3863760115715	2.02035334328567e-53	8.84106623021811e-52
IODOLM_01452	1076.97161356444	6.23067494039697	0.222375975113192	28.0186514628007	9.62991736637296e-173	8.42810367904962e-170
IODOLM_01486	135.364803811007	3.55847667700186	0.271819106380185	13.0913412393636	3.69033189424234e-39	8.0342748105495e-38
IODOLM_01487	6.86703418833844	2.10498952031082	0.795876737680025	2.64486876001282	0.00817226064414319	0.014753223011044
IODOLM_01502	424.905496154665	3.23819707695952	0.239379261239371	13.5274754387408	1.07657722239036e-41	2.69205824296011e-40
IODOLM_01505	500.657143260254	-2.37765312627924	0.229484570391927	-10.360840915006	3.73662331564842e-25	4.15011767240546e-24
IODOLM_01516	103.069531414483	-3.48496004325562	0.303608993445637	-11.478447998872	1.69292034766104e-30	2.52840253971492e-29
IODOLM_01530	441.035739141559	4.70710953524033	0.333690582603071	14.1062103057295	3.47771064659517e-45	1.04236039654113e-43
IODOLM_01531	479.426577329809	2.36501416013523	0.189149583115096	12.503406675214	7.15194464651301e-36	1.37267148127811e-34
IODOLM_01534	309.427541707832	2.63236994859008	0.294731380897937	8.93142067387	4.20572568675064e-19	3.22881677284575e-18
IODOLM_01540	126.272822620367	2.82011218374286	0.235279795957576	11.9862063474901	4.19689772024192e-33	7.20220565638379e-32
IODOLM_01545	238.301204745178	2.61853616957101	0.19496635478163	13.4307079419106	3.99573245744946e-41	9.55482253213051e-40
IODOLM_01546	615.350786476136	2.52210601858244	0.167275658987997	15.0775434623361	2.27580087123367e-51	9.30738748833509e-50
IODOLM_01547	1454.51575410616	3.0213870122982	0.227173324446311	13.2999198724684	2.31716511975093e-40	5.3367971389632e-39
IODOLM_01548	446.328434121485	4.92727782310206	0.219420068444793	22.4559123421374	1.12033431847499e-111	2.72365720980365e-109
IODOLM_01556	1758.84653931079	-2.57561769021789	0.20496423630609	-12.5661809915536	3.24000534121298e-36	6.38660512303964e-35
IODOLM_01559	6111.90557094516	3.42108544322837	0.269764605477531	12.6817431707634	7.46529306182618e-37	1.51241307585886e-35
IODOLM_01560	41.566119249337	2.9788295335877	0.406721568800764	7.32400187767498	2.40683316413364e-13	1.28442706417668e-12
IODOLM_01567	16.1417809675791	2.6838506897281	0.550996531595527	4.87090305624329	1.11089338899836e-06	3.40425032931152e-06
IODOLM_01569	486.705152781409	2.40905595547316	0.172437626087857	13.9705933683276	2.35655084759132e-44	6.69627695393483e-43
IODOLM_01573	113.311568360575	2.06517422465124	0.220711174209387	9.35690833075818	8.21039657151789e-21	6.99001855972029e-20
IODOLM_01574	64.6566930770452	2.09281004340269	0.287631814016639	7.27600335365415	3.43855043502078e-13	1.80420823784783e-12
IODOLM_01575	16.8049103078363	2.69497113769126	0.571987209084929	4.71159336238078	2.457874472625e-06	7.19448149157918e-06
IODOLM_01581	13.2682262920047	3.42555476996148	0.688777213909421	4.97338573458089	6.57935611062622e-07	2.06241134241407e-06
IODOLM_01582	5.4119833904546	2.44759531475376	0.910450211583416	2.68833515947786	0.00718092805239708	0.0130986832668986
IODOLM_01583	8.40884455114821	2.09082984615201	0.921884135582318	2.26799634081057	0.0233294297045713	0.0384953183963816
IODOLM_01587	627.002605011982	-2.76965867128332	0.295689879554121	-9.36676857341134	7.47871328847652e-21	6.40447149713763e-20
IODOLM_01596	379.697148423508	2.37398587825699	0.1732508396922	13.7025937794856	9.79613149078914e-43	2.58240189178875e-41
IODOLM_01615	161.845395446582	2.4352578350813	0.248460944489139	9.80137075502323	1.11068019414726e-22	1.0543029348348e-21
IODOLM_01621	188.367203722016	2.12717581963971	0.261543657407476	8.13315773253734	4.18249839789598e-16	2.66413580628716e-15
IODOLM_01622	2066.58628567257	5.43847860533098	0.631734147390883	8.60880898680619	7.38235403531579e-18	5.20212258591657e-17
IODOLM_01623	289.37267245867	2.61785073558683	0.178464419740955	14.6687543622796	1.02204091334402e-48	3.66594347278149e-47
IODOLM_01644	19.4390217533696	2.9552354862589	0.596025803614828	4.95823413740771	7.11368010564812e-07	2.22353315302258e-06
IODOLM_01649	175.370705117374	2.81844675846817	0.207988822437283	13.5509530052657	7.82081243313678e-42	1.96688937973601e-40
IODOLM_01650	91.6437604408899	2.48424380505644	0.284004024433311	8.74721338901232	2.18685920018941e-18	1.58438673179286e-17
IODOLM_01651	287.282907564861	2.18357173726362	0.218948716623707	9.97298258211026	2.00127015490025e-23	1.99035413587352e-22
IODOLM_01652	6.16699753883831	2.44068546646325	0.864506410884611	2.82321268614516	0.00475450193058579	0.00896024997771035
IODOLM_01657	90.1538244799917	2.45014951930668	0.270443730836214	9.05973864408246	1.30763494927861e-19	1.03475778264796e-18
IODOLM_01660	44.6310341742398	2.21521547113079	0.372564247549746	5.94586164856038	2.7500635511395e-09	1.06216046776579e-08
IODOLM_01664	472.84210882613	2.95344497035927	0.205943205459686	14.3410653620102	1.21180795892507e-46	3.81501555989648e-45
IODOLM_01667	163.846181200214	3.35501931940497	0.288747783104759	11.6192037332032	3.29190006288916e-31	5.10828179971736e-30
IODOLM_01696	5088.2293745225	2.25663022341031	0.125152953359758	18.0309785972331	1.11304212668695e-72	9.18994782336245e-71
IODOLM_01701	1782.73163907306	3.39994086266796	0.17500868866834	19.4272689461219	4.5387750381818e-84	4.72897132549608e-82
IODOLM_01707	1201.47286990956	2.28162282739118	0.150143304214185	15.1963008895579	3.74161235878763e-52	1.55936149352902e-50
IODOLM_01708	1294.89674360265	2.12754627955496	0.149176422865909	14.2619472881942	3.77764350090707e-46	1.14834178016672e-44
IODOLM_01715	417.342083037668	2.55678795496851	0.220122471047005	11.6152973515481	3.44587474078892e-31	5.32832080059799e-30
IODOLM_01716	17.966700375741	3.21216618407178	0.569175794342711	5.64353968668189	1.66589103530074e-08	5.98517173273893e-08
IODOLM_01772	10.8557562914698	3.54698605622246	0.752424026775533	4.7140786710691	2.42806846782853e-06	7.12624253200377e-06
IODOLM_01773	31.4673770509172	4.34812537236309	0.58519915735889	7.43016341989787	1.08463591410445e-13	5.91079297648951e-13
IODOLM_01779	5.34290318845189	2.18190172931433	0.841416854688231	2.59312814707377	0.00951073256049611	0.0169527355131287
IODOLM_01802	10.0519484368238	4.07076134982643	0.864235886713522	4.71024336342539	2.47421173807542e-06	7.23740011084095e-06
IODOLM_01803	14.5876970743568	3.39077919307293	0.650498653225544	5.2125844938487	1.86227700057458e-07	6.10436266255758e-07
IODOLM_01811	47.7182565026469	2.2475607284308	0.379002891365776	5.93019414794298	3.02576697830762e-09	1.16351109816117e-08
IODOLM_01812	1124.56928329502	2.45371513974902	0.159675443866954	15.3668909904113	2.72956739339135e-53	1.18263236767134e-51
IODOLM_01822	2280.45003179202	2.02748819144172	0.161812629524898	12.5298513311024	5.12586728953368e-36	9.92513064557495e-35
IODOLM_01830	190.002748710853	2.59752274162955	0.209809175521208	12.3804058386712	3.33651344868036e-35	6.26634457142715e-34
IODOLM_01831	297.266044357601	2.82672336227997	0.280771487527331	10.0677009164074	7.67512011138407e-24	7.76304427818869e-23
IODOLM_01833	13.6829993757389	2.40425549487299	0.62832126724541	3.82647479913159	0.000129991450530382	0.000308315765594011
IODOLM_01856	44.9233374723536	2.24012681714147	0.38082774631227	5.88225736920076	4.04708365692556e-09	1.54134361033127e-08
IODOLM_01871	173.771408703395	2.27323290642436	0.201318066512692	11.2917481565473	1.44140905303702e-29	2.03471161809355e-28
IODOLM_01981	1766.56477603677	2.07982230059887	0.175413908494787	11.8566556007198	1.98756474310503e-32	3.2453669088909e-31
IODOLM_01991	3295.12728381587	-2.63461031626668	0.139885268548905	-18.8340798398339	3.96966534021574e-79	3.77635989756175e-77
IODOLM_02029	447.383377935604	5.33425711248383	0.247634901112631	21.5408130619588	6.45636503508934e-103	1.345383494931e-100
IODOLM_02034	1689.91356136301	-4.26930011704505	0.208771442641626	-20.4496365164927	6.05245041867536e-93	9.13293897659427e-91
IODOLM_02047	26.5784647801607	2.30352354921512	0.434090663948809	5.30654939284014	1.11719898139647e-07	3.73195629205415e-07
IODOLM_02050	759.187490374986	3.46586050948674	0.221152026102103	15.6718460625208	2.35634687572086e-55	1.10874988474779e-53
IODOLM_02051	112.433256057562	3.32018586594315	0.305786785836573	10.8578461193467	1.83014922722844e-27	2.27520824384991e-26
IODOLM_02064	287.459368608907	-2.29270346161963	0.223146903934693	-10.2744130489511	9.19021319420739e-25	9.95454775689394e-24
IODOLM_02067	92.2715379663517	4.00874195052581	0.385963407438711	10.3863264580655	2.86163411786623e-25	3.18638954192942e-24
IODOLM_02084	387.650592640233	2.09928741987958	0.208108942630918	10.0874445535129	6.27826486651348e-24	6.40412285684452e-23
IODOLM_02101	364.240416946921	2.15286989952285	0.198054126646319	10.8701087726761	1.60009969807902e-27	2.00058179394109e-26
IODOLM_02103	319.054702732264	2.91860953105304	0.185896765082454	15.7001630972895	1.50853727660485e-55	7.25424079387123e-54
IODOLM_02105	394.516149890251	3.40221850064434	0.22940018454743	14.830931837986	9.24407600615223e-50	3.54842777218615e-48
IODOLM_02106	532.00937588663	2.90810018705046	0.223173280442464	13.0306826215255	8.18718944096026e-39	1.77362084126941e-37
IODOLM_02107	389.387353166533	2.45490397107761	0.219748294317521	11.171435840728	5.62639304781778e-29	7.71821190509423e-28
IODOLM_02145	48.8529277975282	2.98680765733158	0.367800406770882	8.12072961950851	4.63389351816158e-16	2.93033497622472e-15
IODOLM_02167	12.0449280024214	2.26086640903817	0.613912611878471	3.68271699472061	0.0002307612948984	0.000527592176841901
IODOLM_02171	17050.4953066481	-2.35723199107306	0.260734778471541	-9.04072715151942	1.55633049879438e-19	1.22052011876778e-18
IODOLM_02172	3927.47293424111	2.14467922066213	0.157783474657915	13.5925465281579	4.43380995371744e-42	1.13464048874079e-40
IODOLM_02173	317.732768089908	-2.35980632311036	0.241076233400777	-9.78863113058225	1.25989964987251e-22	1.18566040168648e-21
IODOLM_02186	4.95865256443028	2.23344643202052	0.884710364572072	2.52449448029336	0.0115864824464502	0.020337925064447
IODOLM_02187	206.108756279444	3.4360532647645	0.30549492225104	11.2474971415104	2.38257165914829e-29	3.32042470714424e-28
IODOLM_02217	331.891664137202	2.49330994946288	0.177280297128405	14.0642247889339	6.30095279451199e-45	1.86303847491787e-43
IODOLM_02226	14.5720187773742	2.33192585708506	0.561004454415237	4.15669757830309	3.22880944357487e-05	8.2338403992329e-05
IODOLM_02232	3364.54541995462	3.54432239935582	0.135969256042474	26.0670867997442	8.6134565685549e-150	5.38464084914232e-147
IODOLM_02253	1444.42843576557	2.221730433095	0.155760330346057	14.2637758160817	3.67992875205027e-46	1.13404001542056e-44
IODOLM_02259	582.735438698597	2.07425495737098	0.193487388377901	10.7203625763957	8.1682499418605e-27	9.76619173376545e-26
IODOLM_02287	1950.55405108556	2.61135137102181	0.179076285822313	14.582340475907	3.63826295966338e-48	1.25362509539267e-46
IODOLM_02292	9500.10109885487	2.93039687615606	0.150928797523646	19.4157571267799	5.67927590542676e-84	5.77965380515058e-82
IODOLM_02298	34.4115697934736	2.04049994000344	0.44278953660861	4.60828400696169	4.06005841943863e-06	1.15971381484748e-05
IODOLM_02318	372.881184288522	-3.34304877639783	0.222215651985897	-15.0441642905064	3.77065231632543e-51	1.4865202284901e-49
IODOLM_02319	90.5332508528655	-2.10418352680887	0.334978349994719	-6.2815508131855	3.35212199469409e-10	1.37736017359449e-09
IODOLM_02331	6.52739036799718	2.76095204867429	0.826232861152691	3.34161491086477	0.000832925312330738	0.00175066338461062
IODOLM_02354	32.9691465091272	2.25824536632689	0.463394170098362	4.87327099054256	1.09765492532468e-06	3.36603921038597e-06
IODOLM_02357	1883.70410995521	3.24314104492605	0.215379056588331	15.0578291886796	3.06693169694287e-51	1.24267528757611e-49
IODOLM_02358	1438.81942876657	3.87402851169159	0.199327916025071	19.4354538438275	3.86976753261228e-84	4.13026895675886e-82
IODOLM_02359	1755.8565208235	3.2300510824648	0.183403999108226	17.6116720364356	2.0043579640765e-69	1.51225352599978e-67
IODOLM_02360	179.265177276585	2.8258288957163	0.383899110674847	7.36086335482476	1.82724539068505e-13	9.85946464813535e-13
IODOLM_02361	515.256637470696	3.10855087571608	0.176562635451151	17.6059383559446	2.21801045384576e-69	1.64508707559814e-67
IODOLM_02362	430.273092532416	2.45270446335497	0.168641948699442	14.5438574581834	6.38886420189829e-48	2.13417326316847e-46
IODOLM_02363	1101.59367973121	2.29629089493679	0.132871942984263	17.2819847694163	6.42968687917393e-67	4.26307723988865e-65
IODOLM_02366	752.189850028956	2.31789390997649	0.148562538551423	15.6021425897632	7.03914817100966e-55	3.20867837461857e-53
IODOLM_02367	2660.6694551102	2.0563680023357	0.154623849522071	13.299164447734	2.3406940464867e-40	5.36276290441142e-39
IODOLM_02368	1554.21480053613	2.05057464421623	0.125067531460138	16.395739327995	2.0512978415702e-60	1.15083068650144e-58
IODOLM_02369	1255.40877895376	2.7676985294609	0.135587934701645	20.4125723690025	1.29297415133483e-92	1.82517899556169e-90
IODOLM_02399	1374.988465198	-2.01660276285509	0.126097865801495	-15.9923623610701	1.44447837304599e-57	7.52504447672532e-56
IODOLM_02400	1818.08054700241	-2.64517869908521	0.208662563173937	-12.6768245287979	7.94873495567992e-37	1.60293383253711e-35
IODOLM_02427	38.4173373688055	2.6474997429846	0.374388868374654	7.07152366596336	1.53241661867929e-12	7.60301034392354e-12
IODOLM_02450	619.936534026867	2.20424387558827	0.139749164466003	15.7728590651037	4.7834482447989e-56	2.32581883547111e-54
IODOLM_02460	1165.85982729442	-2.06379335394537	0.153532529169756	-13.4420592502811	3.42763549529424e-41	8.28692426928595e-40
IODOLM_02501	714.334551603461	2.13922682588646	0.211669893506438	10.1064293577556	5.17355575453512e-24	5.31443192062105e-23
IODOLM_02537	3.57413483948409	4.31919227973098	1.37191620316301	3.14829161560516	0.00164227769114561	0.00331305792189087
IODOLM_02540	1968.12444237586	2.42091806991147	0.153389778706241	15.782786117371	4.08740455569532e-56	2.00971711637334e-54
IODOLM_02584	313.218149921074	2.01732460153466	0.38663677384869	5.21762216628709	1.8123468627065e-07	5.94960980585421e-07
IODOLM_02608	9433.23792241073	-2.03753579325686	0.142980424018364	-14.2504528661571	4.45383584536197e-46	1.34413694202096e-44
IODOLM_02609	10691.4381420255	-2.20260973403915	0.153343769703159	-14.363868439539	8.72196341776989e-47	2.78593517636212e-45
IODOLM_02637	3003.1308903913	2.1903846448867	0.258657751338507	8.46827374610603	2.49056440808552e-17	1.71094346150428e-16
IODOLM_02659	13492.0316603829	3.44645748413743	0.183891284289853	18.7418207309111	2.25768369135378e-78	2.10204762412003e-76
IODOLM_02670	16436.1828956215	2.31685733762204	0.13619755180995	17.0110057547508	6.80593069216431e-65	4.19475390266352e-63
IODOLM_02674	14148.1409944541	-3.11401219057513	0.217962724659155	-14.2869024758465	2.64097445165905e-46	8.25493157175713e-45
IODOLM_02737	65.7411323442083	2.40811184703795	0.347259717134643	6.93461328284227	4.07333885641647e-12	1.94171359865779e-11
IODOLM_02745	1551.22856119499	4.53871698132916	0.261429521199916	17.3611494237423	1.62438557454807e-67	1.11067363659725e-65
IODOLM_02749	168.102366131632	2.04022186464829	0.193874263031624	10.5234280855293	6.73766259815822e-26	7.75895040251062e-25
IODOLM_02750	29.6603985807113	2.58319537557682	0.436113155905569	5.92322277050537	3.15692722553511e-09	1.21288090772095e-08
IODOLM_02779	145.087379826833	-2.09639085991742	0.269174508919221	-7.78822210295755	6.79586457745547e-15	3.99713755254639e-14
IODOLM_02787	44.2460235270684	2.17550568757301	0.385715997873484	5.64017489439624	1.69877526903959e-08	6.08333926130708e-08
IODOLM_02788	156.860555681812	2.39025992102685	0.210009356057554	11.3816830159309	5.15943007154147e-30	7.57639798425015e-29
IODOLM_02789	97.6531881716028	3.47318506024455	0.31561063935107	11.0046513875001	3.62916849925877e-28	4.684731962465e-27
IODOLM_02790	97.1926648664478	2.9399592911743	0.292777838248388	10.0416046131199	1.00033464405676e-23	1.00400559687898e-22
IODOLM_02815	120.244061005927	2.52783663523016	0.31625826343055	7.99295046968874	1.31747068989843e-15	8.0520275684295e-15
IODOLM_02818	580.033181328417	2.84906367661221	0.195449708796682	14.5769655741773	3.93627887508371e-48	1.34571534041924e-46
IODOLM_02830	934.029017702351	2.05259674638123	0.209169580053668	9.81307485464467	9.89078183205497e-23	9.49168010900714e-22
IODOLM_02877	465.807372975346	2.32087189681441	0.170130884835059	13.6416847479779	2.26272032516311e-42	5.89384770411533e-41
IODOLM_02886	3569.78175864423	-2.55792189060111	0.138681595403847	-18.4445663691158	5.76597051216664e-76	4.94742881592965e-74
IODOLM_02894	6083.23466825498	-2.61412719495664	0.132963248693248	-19.6605243978924	4.69845391411439e-86	5.55687414274718e-84
IODOLM_02904	355.850811139123	-2.08037208283802	0.230735655905668	-9.01625747729486	1.94624639865647e-19	1.52085254295013e-18
IODOLM_02917	2.29597459151368	2.85324645171028	1.3128586849753	2.17330812856219	0.0297571341172685	0.0481572555093073
IODOLM_02926	14.950169220655	2.21549500545254	0.610858445627549	3.62685499613009	0.000286894296966262	0.000645807326915824
IODOLM_02942	189.46758236647	3.39033046644874	0.227993916630146	14.8702672271233	5.1407734982214e-50	1.99079865736432e-48
IODOLM_02988	301.709334207406	2.52243896847686	0.278004283910858	9.07338165078665	1.15379301087225e-19	9.19671806116021e-19
IODOLM_03006	501.099436058588	3.01512900892247	0.177290323351412	17.00673196329	7.32092225966674e-65	4.44949386226412e-63
IODOLM_03031	11.4493839433504	2.21284252217868	0.765655710129487	2.89012736782757	0.00385085769024791	0.00736832236664838
IODOLM_03087	311.49066234048	2.1395711437642	0.167565054767166	12.7685999132526	2.4553122509838e-37	5.04434103770193e-36
IODOLM_03116	1873.81657829096	-2.23723314545768	0.111882148210489	-19.9963370496664	5.92689011883817e-89	7.85941550304116e-87
IODOLM_03117	2626.17971551199	-2.73947169750857	0.17117156139191	-16.0042455372382	1.19351235820466e-57	6.29254226446215e-56
IODOLM_03118	1247.23686974831	-2.58041874786253	0.16520579314881	-15.6194204735799	5.36914138905633e-55	2.47319607563268e-53
IODOLM_03134	1357.82896739139	3.53984343433154	0.142746966706994	24.7980290999634	9.41471494212853e-136	4.11987925867544e-133
IODOLM_03141	12.4087855396908	2.65322696556635	0.633290526829637	4.18958890613581	2.79460275068787e-05	7.18940719400947e-05
IODOLM_03142	3.64121999810946	3.02128760885111	1.13110004711149	2.67110554593876	0.00756018707660476	0.0137560825975977
IODOLM_03152	3193.96152334519	-2.319930808604	0.179987759431215	-12.8893810108826	5.16567509850319e-38	1.09732981704126e-36
IODOLM_03160	3010.85595354961	2.31692580584428	0.168305441676131	13.766196640883	4.07087371221427e-43	1.10646853196582e-41
IODOLM_03161	1466.53425383738	2.3686819130369	0.166084299537569	14.2619255380072	3.77882121444257e-46	1.14834178016672e-44
IODOLM_03162	1449.88388176306	2.05340564919475	0.201627228429337	10.1841684041914	2.33346407967796e-24	2.45462471458431e-23
IODOLM_03163	1012.21131978293	2.1183267457073	0.16056676521306	13.1928095013712	9.65198854627224e-40	2.15495417747384e-38
IODOLM_03164	353.725644433207	2.11386162961722	0.17817985963238	11.8636395492652	1.82850503628233e-32	2.99683072613164e-31
IODOLM_03166	346.944659355268	2.550249230784	0.194406326501768	13.1181390887545	2.5922229684616e-39	5.67178385499397e-38
IODOLM_03167	19.6281445077037	2.43713219254118	0.531693951089402	4.58371246757213	4.56792273208706e-06	1.29968984886951e-05
IODOLM_03180	2.69313171839179	2.93617824874466	1.28632650449626	2.28260728398386	0.0224535115185852	0.0372043038263267
IODOLM_03181	9.67493444096518	2.65599735894124	0.712227640289131	3.72914109014785	0.000192133556530246	0.000445090758801671
IODOLM_03196	20.2347940623332	4.488958175711	1.4546483406563	3.0859404642676	0.00202909445786793	0.00403972581784807
IODOLM_03271	115.865083559676	3.61012560008819	0.280990108616868	12.8478743179199	8.84062495138302e-38	1.85993148015635e-36
IODOLM_03272	8.43634482400423	3.85417154571415	0.90654752446517	4.25148317291801	2.12359468158797e-05	5.5612509435242e-05
IODOLM_03294	3967.21042155733	2.10961813566112	0.154517372309639	13.6529511480019	1.93865556720762e-42	5.07997410904225e-41
IODOLM_03363	10973.9837719123	2.63056596828991	0.111698486682647	23.5505963099013	1.23781859059797e-122	3.86906725175478e-120
IODOLM_03364	6274.41148514471	2.6886189206752	0.182733564042931	14.7133283081128	5.29383178911097e-49	1.94670654698736e-47
IODOLM_03365	15619.9564523228	3.10363550733735	0.16635272030067	18.6569567466511	1.10868170168907e-77	1.01074815137321e-75
IODOLM_03366	27970.8401134266	3.21631573221754	0.188234998414086	17.0867041693393	1.86416465281441e-65	1.1822586261907e-63
IODOLM_03367	12504.8370669496	3.03339964180332	0.190795015383471	15.8987363255095	6.46558283880478e-57	3.25211385087468e-55
IODOLM_03368	8563.41251213023	3.02886536037457	0.215517245482862	14.0539350045443	7.28698901367338e-45	2.14012509555938e-43
IODOLM_03369	28621.7424554535	2.85585579417724	0.237554881553715	12.0218779572058	2.72702250149847e-33	4.73549621688782e-32
IODOLM_03370	10901.3891253217	2.50720972793553	0.184146084408451	13.6153301113606	3.24675370923437e-42	8.40697883527195e-41
IODOLM_03371	17068.4075642877	2.53914716816934	0.242949510450853	10.4513368372602	1.44474222828791e-25	1.63787357279479e-24
IODOLM_03372	29032.169339242	2.48300003280435	0.225425340950728	11.0147334027857	3.24495814913957e-28	4.25147810198646e-27
IODOLM_03373	19220.6436613725	2.74035922245096	0.185396336600729	14.781086146015	1.94012060137218e-49	7.31893771690056e-48
IODOLM_03376	18.7158028540068	2.17112813717659	0.494223890287253	4.3930052347625	1.11794434353339e-05	3.02917922433566e-05
IODOLM_03418	1619.3564693219	2.31486570615285	0.245478079514193	9.4300302117974	4.09970868102589e-21	3.57376995780265e-20
IODOLM_03422	1144.62866995681	-2.28818117228783	0.127051307409349	-18.0098986696414	1.62926524908037e-72	1.2963026781774e-70
IODOLM_03453	959.95076923323	2.2845919875096	0.154649270137005	14.7727304854763	2.19631587854177e-49	8.21459682435793e-48
IODOLM_03454	2535.96343703569	2.09539184088848	0.154041922471446	13.6027375357958	3.85720953096821e-42	9.92891112206877e-41
IODOLM_03473	484.804103907839	2.39832706722999	0.159370027258324	15.0487962416077	3.51573382258946e-51	1.39862283705922e-49
IODOLM_03498	33.8380203578949	2.02127177508947	0.35806616144733	5.64496730693383	1.65212640690132e-08	5.94059585587524e-08
IODOLM_03503	58.1407250690255	2.93820440879979	0.34468078189832	8.524421908926	1.53574878321079e-17	1.06843190386811e-16
IODOLM_03504	47.8757717384926	3.95519334729624	0.42404135797029	9.32737638193622	1.08523912066091e-20	9.1503013333567e-20
IODOLM_03505	337.498544824042	2.69702395173978	0.168784403180316	15.9791064868624	1.78688882055222e-57	9.19932409263118e-56
IODOLM_03523	3406.88389385016	4.137454663267	0.551134048056169	7.50716577547633	6.04211948655963e-14	3.34687530040316e-13
IODOLM_03561	75.3233730125606	2.84955448312457	0.345662036547195	8.24375887959424	1.66883289120723e-16	1.09323543891061e-15
IODOLM_03570	1377.21703285162	3.71494771152763	0.162480136540211	22.864011507082	1.06026117520268e-115	2.89981431417933e-113
IODOLM_03571	1259.68653640685	2.4490576733899	0.177426642330684	13.8032126473171	2.43743238078735e-43	6.70830446435564e-42
IODOLM_03602	1456.25136782336	4.23332017486341	0.21410220992407	19.7724263395727	5.14414913040298e-87	6.6208225278363e-85
IODOLM_03617	49.2052819544896	3.29229772347917	0.384351181221398	8.56585821595981	1.0727381999525e-17	7.49888556388524e-17
IODOLM_03620	7.80936421520912	2.46878277192648	0.778127128183407	3.17272420213652	0.00151015907561841	0.00305805465752251
IODOLM_03647	10.2321962774574	2.43094144010597	0.665518014111105	3.65270569475545	0.00025949158265131	0.000588360189472607
IODOLM_03662	247.723807080809	2.85296632978055	0.26238108587225	10.8733688645897	1.54392530716401e-27	1.93587883786524e-26
IODOLM_03663	152.898895916061	2.30574564370428	0.265419797046805	8.68716527312271	3.71595326381848e-18	2.65702802001138e-17
IODOLM_03664	359.147835709017	2.3544324024598	0.211000602999461	11.1584155163093	6.51422146487025e-29	8.88044645802873e-28
IODOLM_03674	131.219540909573	2.351744849039	0.344023950555443	6.83599163733223	8.14396944332657e-12	3.75928378523176e-11
IODOLM_03682	329.660925181208	2.10640872883483	0.222820717208031	9.45337917958602	3.280649759091e-21	2.88855600518757e-20
IODOLM_03705	494.378666994999	-2.44411880491828	0.266353908452072	-9.17620777229211	4.46540262421076e-20	3.63884578836989e-19
IODOLM_03720	161.737865128455	4.26764327123651	0.283464312463376	15.0553106108829	3.18599482550232e-51	1.27907461985304e-49
IODOLM_03730	1031.53640458796	2.32002298952001	0.138555860558952	16.7443151098823	6.23034071547288e-63	3.58736460143544e-61
IODOLM_03746	2523.14965354001	3.55724784029505	0.172777236546942	20.5886372035391	3.46992080257323e-94	5.62384201187424e-92
IODOLM_03747	2800.08028826773	4.11141851007757	0.231380123239365	17.7691084805252	1.22624068173366e-70	9.58219504154735e-69
IODOLM_03769	13.0224101611382	2.25757620313301	0.588251441340952	3.83777419735128	0.000124154566416655	0.000296076502800699
IODOLM_03772	432.060490087441	2.1305956545818	0.204567042685391	10.4151461868591	2.1147244277603e-25	2.36676063833224e-24
IODOLM_03804	20313.2601773488	-4.41149593856584	0.200044660492962	-22.0525553028747	9.02796246269487e-108	1.97531818683764e-105
IODOLM_03808	2307.83927171312	-2.96964245452468	0.319110777210202	-9.30599235941362	1.32746844797885e-20	1.11070782568938e-19
IODOLM_03809	1273.09536058677	-2.14108247364835	0.335560854601948	-6.38060859687629	1.76385593117529e-10	7.41463357812013e-10
IODOLM_03826	358.442918305971	2.30627956660723	0.226699341375837	10.1732962813673	2.60926025474798e-24	2.71860068447075e-23
IODOLM_03827	141.906352887405	3.84115676329859	0.355748337918643	10.7973990427385	3.5409211798669e-27	4.34035604568558e-26
IODOLM_03828	2559.27085964036	2.03604382688594	0.222942856771847	9.13258157882834	6.68849508549381e-20	5.42015823965203e-19
IODOLM_03832	1289.64770039445	2.01479664726557	0.273598528304778	7.364062444887	1.78396178324078e-13	9.63779847340946e-13
IODOLM_03874	191.607461455101	2.41793148417739	0.261772007916235	9.23678396106853	2.54017258719197e-20	2.09731985689662e-19
IODOLM_03883	1356.98957088976	2.67825802612575	0.15388120946934	17.4047113053096	7.59881168937924e-68	5.27815872265453e-66
IODOLM_03904	222.641583026541	-2.18387406531636	0.204101925832606	-10.6999189567053	1.01867272006355e-26	1.20478697918867e-25
IODOLM_03924	8.31250210370752	2.28493857651213	0.813918646032889	2.80733042257863	0.00499539731291371	0.00938191357996155
IODOLM_03940	5.7876203805343	2.62781024930283	0.869087821132779	3.02364178326388	0.002497519686862	0.00492303880617483
IODOLM_03983	6194.94084124142	2.4093437510142	0.187662014842446	12.8387396513727	9.94808194052059e-38	2.07299078912943e-36
IODOLM_03984	2082.57818710167	2.90500250422206	0.189886622390754	15.2986159195778	7.80999058002419e-53	3.28620372867172e-51
IODOLM_04022	801.847995752405	-2.32200075763349	0.138418220532098	-16.775253638628	3.70274659607808e-63	2.18962420330239e-61
IODOLM_04024	3.86467691524254	2.58403319465245	1.07970037807301	2.39328729259528	0.0166981603385722	0.0284212950764652
IODOLM_04028	14201.4356786612	2.47235645248792	0.125432333626891	19.7106789055057	1.7460865859684e-86	2.18310711434221e-84
IODOLM_04029	28823.368164427	2.39653845846235	0.117387833326807	20.4155608851762	1.21627345548973e-92	1.77413754707436e-90
IODOLM_04048	64.8686255737804	3.40950587464973	0.386609166414765	8.81899905857875	1.15487411135199e-18	8.60941926963592e-18
IODOLM_04070	26.4792647175919	-2.31705947083869	0.544006345634523	-4.25925081468692	2.05113215094205e-05	5.39084341893239e-05
IODOLM_04083	29.6017266237978	2.00908776721003	0.424115949158873	4.73711910904212	2.16777768804757e-06	6.41826465689862e-06
IODOLM_04102	4.95177342368577	4.79941093106446	1.30658877246953	3.6732375420564	0.000239496653674763	0.000545852789833731
IODOLM_04103	253.111627592884	2.67040300022588	0.193775611081053	13.780903516846	3.32089712215358e-43	9.08265362909005e-42
IODOLM_04112	867.427273689967	2.74147223735257	0.655473412331738	4.18243087480884	2.88408721019272e-05	7.41090172155216e-05
IODOLM_04167	196.650495790257	2.9080995759067	0.26857435013633	10.8279125479799	2.53876869227063e-27	3.14721014089979e-26
IODOLM_04168	668.024336319124	5.81564515323673	0.250206011577506	23.2434269527342	1.65785002376655e-119	4.83650113600162e-117
IODOLM_04175	67.3390115870794	2.07998580988778	0.337062995060944	6.17091119572974	6.78975513790627e-10	2.73339176480937e-09
IODOLM_04180	25.4132355696219	4.64713173300146	0.671040695475625	6.92526066501471	4.35173475516823e-12	2.0676646350289e-11
IODOLM_04181	7.85378436721928	3.15409426141843	0.849518493084655	3.71280235462057	0.000204976958645029	0.000472591765558824
IODOLM_04192	827.637794352424	4.0448855035764	0.179218602787955	22.5695627610832	8.62950129658472e-113	2.22133515728557e-110
IODOLM_04194	2590.21733671604	5.11839200903549	0.176094632480456	29.0661443619161	9.62060992830057e-186	1.40332630154144e-182
IODOLM_04195	12380.2837768266	4.01539450448938	0.141295732327809	28.4183707344647	1.19913719325708e-177	1.31185608942325e-174
IODOLM_04203	465.81150769691	2.23874683292214	0.186703461755185	11.9909229956202	3.96462644572811e-33	6.83039579783709e-32
IODOLM_04236	10.0940575951253	2.74416854406068	0.93191970515534	2.94464054025262	0.00323330065026078	0.00628561690161758
IODOLM_04257	3.30549487455668	2.43824696937873	1.09946980919243	2.2176570461445	0.0265782250909048	0.0434789955131961
IODOLM_04267	32.6864967539156	2.29115444623902	0.385615490899975	5.94155188343647	2.8233634623749e-09	1.08854964857732e-08
IODOLM_04298	123.607348879504	2.90548277132872	0.313419468627388	9.27026895952956	1.8567711761478e-20	1.54472065909178e-19
IODOLM_04317	13.0845235061245	2.1498334908261	0.580957324455634	3.70050156926849	0.000215173748661019	0.000494019057786263
IODOLM_04329	180.582143048425	2.07422811447574	0.200569306226206	10.341702593997	4.56356534749872e-25	5.05573720522896e-24
IODOLM_04331	69.7386044273588	2.16688852068389	0.285825710113633	7.58115328331528	3.42496658757728e-14	1.93139868392244e-13
IODOLM_04362	105.72515474698	4.2695219163605	0.32509082713527	13.1333201677325	2.12147058775229e-39	4.66510316181108e-38
IODOLM_04363	360.750995913962	3.5139835397443	0.192701828156933	18.2353409583773	2.70561457142944e-74	2.27687872395678e-72
IODOLM_04364	38.7447272588618	3.73472760973178	0.456162276287263	8.18727852756477	2.67199313197152e-16	1.72457845803943e-15
IODOLM_04381	2978.70148460078	2.8500343301764	0.134542177756876	21.183203495684	1.36431553690444e-99	2.38809791579754e-97
IODOLM_04382	750.15738431007	2.38914102246933	0.196446602161267	12.1617833863476	4.96625203161377e-34	9.01755970553604e-33
IODOLM_04383	1171.36726094192	-2.82538803584303	0.115907499695157	-24.3762314196575	3.05641381020052e-131	1.21589698485795e-128
IODOLM_04384	942.870992592157	-3.00567984291067	0.166741653795056	-18.0259687636598	1.21858795474695e-72	9.8750757221716e-71
IODOLM_04405	326.954723560599	-2.05824830714493	0.152957608553782	-13.4563316372799	2.82601828844802e-41	6.94755956755535e-40
