locus_tag	log2FoldChange	padj	Gene	Product	COG_category	KEGG_Pathway
IODOLM_00014	4.03904550293685	8.84333267443151e-214	dnaK	Chaperone protein DnaK	O	ko03018,ko04212,ko05152,map03018,map04212,map05152
IODOLM_00015	2.83694157917841	3.0446585860433e-82	dnaJ	Chaperone protein DnaJ	O	-
IODOLM_00017	3.4296015028076	1.53825804409796e-15		hypothetical protein		
IODOLM_00112	2.55765658685624	1.58632296288425e-15	yadC	fimbrial tip-adhesin YadC	NU	-
IODOLM_00113	2.36863123975604	2.24449657869385e-05	yadK	Uncharacterized fimbrial-like protein YadK	NU	-
IODOLM_00114	2.61427524187752	2.5155208330622e-07	yadL	Uncharacterized fimbrial-like protein YadL	NU	-
IODOLM_00115	3.00648727594721	1.28456695233175e-07	yadM	Uncharacterized fimbrial-like protein YadM	NU	-
IODOLM_00118	2.12701093248608	0.0211747346276224	yadN	Uncharacterized fimbrial-like protein YadN	NU	-
IODOLM_00133	2.8540607268435	0.00132907583532362	yadW	Protein YadW		
IODOLM_00140	-2.28332654523312	4.79393216877205e-12	cdaR	DNA-binding transcriptional regulator CdaR	K	-
IODOLM_00185	-2.6557947570279	7.40893973683776e-40		peptidoglycan lytic exotransglycosylase	M	-
IODOLM_00191	2.50213832981972	0.00835207730104574	ykfM	Uncharacterized protein YkfM	-	-
IODOLM_00192	2.99306426798117	0.000510179681755723		hypothetical protein	S	-
IODOLM_00206	3.74421654127443	1.57001867817533e-39	yafN	Antitoxin YafN	D	-
IODOLM_00207	2.97934366457219	2.71303053745017e-15	yafO	type II toxin-antitoxin system mRNA interferase toxin YafO	S	-
IODOLM_00208	2.71756338485648	1.38559508028417e-08		hypothetical protein	K	-
IODOLM_00209	2.85532409958274	0.00081338151052466	ykfJ	Putative uncharacterized protein YkfJ	S	ko01501,map01501
IODOLM_00227	2.27370175287697	1.02838391666617e-06		DUF945 domain-containing protein	S	-
IODOLM_00261	3.9319589255867	2.13794397114412e-74	yagN	Uncharacterized protein YagN		
IODOLM_00268	3.20401191405947	3.57151202790644e-56	yagU	Inner membrane protein YagU	S	-
IODOLM_00272	2.66580102176191	2.16410935594668e-05	ecpB	fimbrial chaperone EcpB	M	-
IODOLM_00273	2.85988564972281	7.78820865505361e-15	ecpA	common pilus major fimbrillin subunit EcpA	S	-
IODOLM_00274	2.32024960984891	0.00659630522074338	ecpR	ECP biosynthesis operon DNA-binding transcriptional regulator EcpR	K	-
IODOLM_00275	2.86518112319593	8.73763492329039e-11		Large ribosomal subunit protein bL36	J	ko03010,map03010
IODOLM_00276	4.14016991090873	1.13404001542056e-44		Large ribosomal subunit protein bL31B	J	ko03010,map03010
IODOLM_00277	2.61551744652449	0.00975351134279433	ykgR	Uncharacterized membrane protein YkgR		
IODOLM_00284	2.67121010791276	2.65955680092076e-10	rclR	DNA-binding transcriptional regulator RclR	K	-
IODOLM_00285	2.46152761382833	4.2849089183713e-10		Hydroxyacid oxidoreductase (Fe-S centre)	C	-
IODOLM_00288	3.92161967360488	1.98873475487685e-19	ykgH	Uncharacterized protein YkgH	-	-
IODOLM_00289	3.88480784068843	2.01234795828893e-139		Oxygen-dependent choline dehydrogenase	E	ko00260,ko01100,map00260,map01100
IODOLM_00290	3.3116750877935	1.03388023804531e-83		Betaine aldehyde dehydrogenase	C	ko00260,ko01100,map00260,map01100
IODOLM_00291	3.21714249601311	8.81669568531618e-67	betI	HTH-type transcriptional regulator BetI	K	-
IODOLM_00292	3.08833116457458	2.15687301619692e-95	betT	choline BCCT transporter BetT	M	-
IODOLM_00293	2.01586909325582	5.56723665664217e-26	pdeL	DNA-binding transcriptional activator/c-di-GMP phosphodiesterase PdeL	K	-
IODOLM_00300	-2.14957934790241	3.11578888708204e-45		Nucleoprotein/polynucleotide-associated enzyme	S	-
IODOLM_00305	3.26901028363996	0.00010129587532405		hypothetical protein	JM	-
IODOLM_00330	-2.19222780047081	7.98770657486888e-16	dgcC	putative diguanylate cyclase DgcC	T	ko02026,map02026
IODOLM_00337	2.47840656203647	0.00373213107362587		hypothetical protein		
IODOLM_00354	-2.31481238566838	2.7858301827153e-40	yajD	HNH nuclease YajD	V	-
IODOLM_00397	3.47796844410468	2.42069976333253e-61	ybaY	Uncharacterized lipoprotein YbaY	S	-
IODOLM_00399	-3.43852772499291	7.85467283488993e-163	ybaA	Uncharacterized protein YbaA	S	-
IODOLM_00403	2.44378476498778	1.15727213912833e-28		Hemolysin expression-modulating protein Hha	K	-
IODOLM_00416	2.87904841992182	1.41472457773294e-60	htpG	Chaperone protein HtpG	O	ko04141,ko04151,ko04217,ko04612,ko04621,ko04626,ko04657,ko04659,ko04914,ko04915,ko05200,ko05215,ko05418,map04141,map04151,map04217,map04612,map04621,map04626,map04657,map04659,map04914,map04915,map05200,map05215,map05418
IODOLM_00426	-2.1512694677248	8.60941926963592e-18	ybaQ	Uncharacterized HTH-type transcriptional regulator YbaQ	K	-
IODOLM_00439	-2.35437323456273	3.59771176952362e-91		ABC3 transporter permease C-terminal domain-containing protein	Q	-
IODOLM_00441	2.03224706907693	6.81173949793399e-08	ybbC	Uncharacterized protein YbbC	S	-
IODOLM_00451	2.00691721347322	0.0017863580095767	glxR	2-hydoxy-3-oxopropionate reductase GlxR	I	ko00630,ko01100,map00630,map01100
IODOLM_00452	2.13223354952846	0.003497394216507		Allantoin permease	FH	-
IODOLM_00471	2.89598825364751	2.29669557409411e-08	sfmA	Uncharacterized fimbrial-like protein SfmA	NU	ko05133,map05133
IODOLM_00472	2.99830191448401	0.00968720013073113	sfmC	putative fimbrial chaperone SfmC	NU	-
IODOLM_00495	2.05265996177791	0.0127783052001902	essD	phage lysis protein EssD	S	-
IODOLM_00498	2.85581963713743	1.04192639241732e-13	bor	serum resistance lipoprotein Bor	S	-
IODOLM_00513	3.85657731732258	0.00958572236754047	cusC	Cu(+)/Ag(+) efflux RND transporter outer membrane channel CusC	M	ko01501,ko02020,ko02024,map01501,map02020,map02024
IODOLM_00514	4.76724955617763	0.000350882258780353	cusF	Cu(+)/Ag(+) efflux RND transporter periplasmic metallochaperone CusF	S	ko02020,map02020
IODOLM_00515	2.25755484204385	2.37930273809705e-05	cusB	Cu(+)/Ag(+) efflux RND transporter periplasmic adaptor subunit CusB	M	ko02020,map02020
IODOLM_00531	2.07496023765915	2.33803844708135e-24	fepC	ferrienterobactin ABC transporter ATPase	P	ko02010,map02010
IODOLM_00532	2.47597611342847	9.10192848619758e-20	fepG	iron-enterobactin ABC transporter permease	P	ko02010,map02010
IODOLM_00536	2.32209294747797	6.5723032053007e-21	entC	isochorismate synthase 1	HQ	ko00130,ko01053,ko01100,ko01110,ko01130,map00130,map01053,map01100,map01110,map01130
IODOLM_00547	2.19073319795683	0.000215818482219087	ybdO	Uncharacterized HTH-type transcriptional regulator YbdO	K	-
IODOLM_00551	2.2861385822936	1.86290085017835e-16		Universal stress protein	T	-
IODOLM_00560	2.98867083623	0.000293476563795298		Citrate lyase subunit beta	G	ko02020,map02020
IODOLM_00561	3.08454803450793	0.028585283173347		citrate lyase acyl carrier protein 1	C	ko02020,map02020
IODOLM_00562	4.39051139564638	0.000213434074726341		[Citrate [pro-3S]-lyase] ligase	H	ko02020,map02020
IODOLM_00591	2.67696766015423	0.00110203287695129		hypothetical protein	S	-
IODOLM_00605	2.54233107336426	4.70963923949e-15	bor	serum resistance lipoprotein Bor	S	-
IODOLM_00620	4.19203563925205	0.0109614709801246	cusC	Cu(+)/Ag(+) efflux RND transporter outer membrane channel CusC	M	ko01501,ko02020,ko02024,map01501,map02020,map02024
IODOLM_00621	3.38323586476231	7.877976978736e-06	cusF	Cu(+)/Ag(+) efflux RND transporter periplasmic metallochaperone CusF	S	ko02020,map02020
IODOLM_00622	2.09773042725621	0.000618935873223158	cusB	Cu(+)/Ag(+) efflux RND transporter periplasmic adaptor subunit CusB	M	ko02020,map02020
IODOLM_00637	2.05795541996349	0.0184629797536705	fepE	LPS O-antigen length regulator	M	-
IODOLM_00639	2.29143750837244	2.27753280805051e-22	fepG	iron-enterobactin ABC transporter permease	P	ko02010,map02010
IODOLM_00643	2.15698321030143	5.8885623949774e-32	entC	isochorismate synthase 1	HQ	ko00130,ko01053,ko01100,ko01110,ko01130,map00130,map01053,map01100,map01110,map01130
IODOLM_00658	2.23724524898368	5.56440238925732e-27		Universal stress protein	T	-
IODOLM_00667	4.59289320572406	4.14018576765799e-06		Citrate lyase subunit beta	G	ko02020,map02020
IODOLM_00668	3.89580440365557	0.0116120802718557		citrate lyase acyl carrier protein 1	C	ko02020,map02020
IODOLM_00669	3.66734264597511	0.00113537905102737		[Citrate [pro-3S]-lyase] ligase	H	ko02020,map02020
IODOLM_00698	3.11135997418491	0.000816097659151911		hypothetical protein	S	-
IODOLM_00714	-4.40322409125339	8.0631959891691e-291		Asparagine synthetase B [glutamine-hydrolyzing]	E	ko00250,ko01100,ko01110,map00250,map01100,map01110
IODOLM_00731	3.21531348301748	0.00164716106075195		hypothetical protein	S	-
IODOLM_00748	2.41574955231265	1.263241758426e-43	ybgA	Uncharacterized protein YbgA	S	-
IODOLM_00760	2.20565999619484	0.00970744990232796	ybgD	Uncharacterized fimbrial-like protein YbgD	NU	-
IODOLM_00762	2.37012151239625	4.22291421819764e-20		hypothetical protein		
IODOLM_00763	4.11424426645456	2.59592915941543e-67		Succinate dehydrogenase cytochrome b556 subunit	C	ko00020,ko00190,ko00650,ko00720,ko01100,ko01110,ko01120,ko01130,ko01200,map00020,map00190,map00650,map00720,map01100,map01110,map01120,map01130,map01200
IODOLM_00764	2.20584907917175	9.40047170648489e-07		Succinate dehydrogenase hydrophobic membrane anchor subunit	C	ko00020,ko00190,ko00650,ko00720,ko01100,ko01110,ko01120,ko01130,ko01200,map00020,map00190,map00650,map00720,map01100,map01110,map01120,map01130,map01200
IODOLM_00765	2.1803345254982	2.50015529061273e-31		Succinate dehydrogenase flavoprotein subunit	C	ko00020,ko00190,ko00650,ko00720,ko01100,ko01110,ko01120,ko01130,ko01200,ko05134,map00020,map00190,map00650,map00720,map01100,map01110,map01120,map01130,map01200,map05134
IODOLM_00766	2.64329702548767	6.33545448257421e-48	sdhB	succinate dehydrogenase iron-sulfur subunit SdhB	C	ko00020,ko00190,ko00650,ko00720,ko01100,ko01110,ko01120,ko01130,ko01200,map00020,map00190,map00650,map00720,map01100,map01110,map01120,map01130,map01200
IODOLM_00811	2.37156086113192	1.25225000277894e-47		Phospholipid-binding protein, PBP family	S	-
IODOLM_00812	3.58745353085968	3.78741693953447e-127		Adenosylmethionine-8-amino-7-oxononanoate aminotransferase	H	ko00780,ko01100,map00780,map01100
IODOLM_00813	3.12602274697751	3.10702324602906e-51		Biotin synthase	H	ko00780,ko01100,map00780,map01100
IODOLM_00814	3.5681127892972	2.00439094447265e-89		8-amino-7-oxononanoate synthase	H	ko00780,ko01100,map00780,map01100
IODOLM_00815	3.84845623958421	2.04823731949486e-99		Malonyl-[acyl-carrier protein] O-methyltransferase	H	ko00780,ko01100,map00780,map01100
IODOLM_00816	4.58172491138157	5.37511420006368e-106	bioD	ATP-dependent dethiobiotin synthetase BioD 1	H	ko00780,ko01100,map00780,map01100
IODOLM_00825	2.49203774356826	6.54728366219144e-10	ybhM	Uncharacterized protein YbhM	S	-
IODOLM_00834	2.52225368369938	1.31947782287365e-40	cecR	DNA-binding transcriptional regulator CecR	K	-
IODOLM_00842	3.27716598325079	7.37124559915433e-43		Iron-uptake factor	S	-
IODOLM_00843	3.7118107939685	1.44862749244599e-63		Catecholate siderophore receptor Fiu	P	-
IODOLM_00844	-2.79926739617975	9.66408319685321e-26		YdgH/BhsA/McbA-like domain-containing protein	S	-
IODOLM_00852	2.30869604218296	8.4544424415655e-33	yliM	Protein YliM		
IODOLM_00864	-2.12454479807081	1.53517337147507e-12		Fructose-6-phosphate aldolase 1	G	-
IODOLM_00875	-2.47721767230731	1.52275007382573e-55	bssR	Biofilm regulator BssR	S	-
IODOLM_00878	2.04140674576467	2.97851857283777e-47		serine-type D-Ala-D-Ala carboxypeptidase	M	ko00550,ko01100,map00550,map01100
IODOLM_00885	-2.08427567767749	3.40531833156685e-18	rcdA	DNA-binding transcriptional regulator RcdA	K	-
IODOLM_00893	3.69848441760326	2.84517031729613e-39		Putrescine-binding periplasmic protein	P	ko02010,map02010
IODOLM_00894	3.01978911442238	9.21718949934425e-19	potG	Putrescine transport ATP-binding protein PotG	P	ko02010,ko02024,map02010,map02024
IODOLM_00895	2.19672316674058	2.65025455680993e-15	potH	Putrescine transport system permease protein PotH	P	ko02010,map02010
IODOLM_00904	3.85513824202033	2.04823731949486e-99		hypothetical protein	M	-
IODOLM_00910	2.71533014035866	1.97134240889388e-67		Pyruvate dehydrogenase [ubiquinone]	C	ko00620,ko01100,map00620,map01100
IODOLM_00913	3.25990575548221	1.9944761535231e-41	lysO	L-lysine exporter LysO	S	-
IODOLM_00924	-2.30762050794532	1.49186094186248e-51		ABC-type xenobiotic transporter	P	ko02010,map02010
IODOLM_00925	-2.63440879947685	9.43776886886576e-80		ABC transmembrane type-1 domain-containing protein	P	ko02010,map02010
IODOLM_00960	-2.09435621547364	2.0927550799493e-46	mukF	Chromosome partition protein MukF	D	-
IODOLM_00975	2.22471860645047	1.75443626524545e-05		FMN reductase (NADPH)	S	ko00740,ko00920,ko01100,map00740,map00920,map01100
IODOLM_00984	2.20242802528674	1.17534153106342e-41	zapC	cell division protein ZapC	D	-
IODOLM_00991	-3.11054307235779	6.38818679529735e-46		hypothetical protein	J	-
IODOLM_01023	2.77168323175266	1.00802397124299e-10	gfcC	Uncharacterized protein GfcC	S	-
IODOLM_01024	2.99094614312418	5.56529707331066e-12		hypothetical protein	M	-
IODOLM_01025	4.35572713775383	8.50781289352776e-50		hypothetical protein	-	-
IODOLM_01026	3.7022187546609	4.26939249984838e-57	insB	InsB	-	-
IODOLM_01028	2.05745595526163	1.70759965012237e-27		CSD domain-containing protein	K	-
IODOLM_01029	2.79320490378284	7.77832995294814e-18	gnsA	Protein GnsA	S	-
IODOLM_01038	2.11319782501878	8.30086946390118e-43		Curved DNA-binding protein	O	-
IODOLM_01039	2.30786367953557	6.58044976229966e-06	yccE	Uncharacterized protein YccE	-	-
IODOLM_01043	3.31071227837868	9.81157373741497e-54		hypothetical protein	S	-
IODOLM_01052	2.15593621347349	2.27621548187223e-53	putA	Bifunctional protein PutA	K	ko00250,ko00330,ko01100,ko01110,ko01130,map00250,map00330,map01100,map01110,map01130
IODOLM_01057	2.887669397581	1.49793593179383e-65	efeO	iron uptake system protein EfeO	P	-
IODOLM_01058	2.53302442713312	3.7560104816196e-47		Deferrochelatase	P	-
IODOLM_01059	3.77382384962859	1.40260042406501e-83	phoH	Protein PhoH	T	-
IODOLM_01060	2.5575874432971	6.56363876270825e-14		hypothetical protein	S	ko02026,map02026
IODOLM_01061	3.17686293731005	9.34981806265139e-16		Poly-beta-1,6-N-acetyl-D-glucosamine synthase	M	ko02026,map02026
IODOLM_01062	2.08392064318281	1.11846638861797e-09		Poly-beta-1,6-N-acetyl-D-glucosamine N-deacetylase	M	ko02026,map02026
IODOLM_01064	3.27606430781404	7.60387298440428e-30		Putative diguanylate cyclase	T	-
IODOLM_01067	2.41753772205534	3.63884578836989e-19		hypothetical protein	T	-
IODOLM_01076	-2.00193131543147	1.67466743679239e-35	cgsG	curli production assembly/transport protein CsgG	M	-
IODOLM_01077	-2.44563394405221	1.46787562599678e-28	cgsF	curli production assembly/transport protein CsgF	S	-
IODOLM_01089	2.38354976470711	1.63374222148884e-08	yceK	Uncharacterized protein YceK	S	-
IODOLM_01095	2.58980895481603	2.30135170161283e-30		Cytochrome b561-like protein	C	-
IODOLM_01158	3.49614702883993	2.72142840701284e-05	ycfZ	Inner membrane protein YcfZ	S	-
IODOLM_01159	2.81523994611205	4.24665855953652e-07	ymfA	Inner membrane protein YmfA	S	-
IODOLM_01167	2.41579815293038	5.65860594550061e-52		Two-component response regulator	K	ko01503,ko02020,map01503,map02020
IODOLM_01173	3.07305115686973	2.73119262800557e-84		Isocitrate dehydrogenase [NADP] 1	C	ko00020,ko00480,ko00720,ko01100,ko01110,ko01120,ko01130,ko01200,ko01210,ko01230,ko04146,map00020,map00480,map00720,map01100,map01110,map01120,map01130,map01200,map01210,map01230,map04146
IODOLM_01177	2.53372031518174	1.05196210411127e-17		Protein	S	-
IODOLM_01178	2.70837542504411	7.04411396385464e-18	ariR	biofilm/acid-resistance regulator AriR	K	-
IODOLM_01181	2.80034616357563	1.73684308790412e-05	ymgF	Inner membrane protein YmgF		
IODOLM_01189	2.4711283997172	1.4661534255088e-30		Fels-1 Propage domain-containing protein	S	-
IODOLM_01190	4.35084865384591	3.65864707268417e-42		PPC domain-containing protein	S	-
IODOLM_01194	3.63536803859078	6.48577479810358e-23	hlyE	hemolysin HlyE	O	-
IODOLM_01208	2.0712266150814	2.69205846008306e-05		Protein	-	-
IODOLM_01209	3.83086474836972	3.95311522075286e-47	treA	alpha,alpha-trehalase	G	ko00500,ko01100,map00500,map01100
IODOLM_01233	2.20697437517491	8.37872266877013e-22		Cation transport regulator	K	-
IODOLM_01251	2.32895104311668	2.6237170293489e-12		DNA-binding protein H-NS	K	-
IODOLM_01283	-2.30980148507202	0.00768207347477608		Regulatory protein N	-	-
IODOLM_01317	2.55450153702207	1.04528492979701e-18		Transcriptional regulator	K	-
IODOLM_01326	2.59844881103546	4.28865364958899e-26		YCII-related domain-containing protein	S	-
IODOLM_01333	3.12357947104608	1.21952857711566e-41	yciF	Protein yciF	S	-
IODOLM_01339	5.23561729380953	1.18896251113812e-52		Anthranilate synthase component 1	E	ko00400,ko00405,ko01100,ko01110,ko01130,ko01230,ko02024,ko02025,map00400,map00405,map01100,map01110,map01130,map01230,map02024,map02025
IODOLM_01340	2.97538611465102	2.59168924210034e-11		trp operon leader peptide		
IODOLM_01364	2.09289680796642	4.60211268803109e-43		Putative signal transduction protein	T	ko02024,ko02026,map02024,map02026
IODOLM_01366	2.40516874779695	7.09237428106462e-39	yciW	Uncharacterized protein YciW	S	-
IODOLM_01374	2.04821985436306	1.19194400079581e-20	puuP	putrescine/proton symporter PuuP	E	-
IODOLM_01375	4.37600679257451	2.53973041714601e-98	puuA	glutamate-putrescine ligase	E	ko00220,ko00250,ko00330,ko00630,ko00910,ko01100,ko01120,ko01230,ko02020,ko04217,ko04724,ko04727,map00220,map00250,map00330,map00630,map00910,map01100,map01120,map01230,map02020,map04217,map04724,map04727
IODOLM_01376	4.83168754693424	1.89130897224039e-68		Gamma-glutamyl-gamma-aminobutyrate hydrolase	S	ko00330,ko01100,map00330,map01100
IODOLM_01377	2.35579219637513	1.56580770117714e-46	puuR	HTH-type transcriptional regulator PuuR	K	-
IODOLM_01378	4.60682361386263	6.40862376033492e-124	puuC	NADP/NAD-dependent aldehyde dehydrogenase PuuC	C	ko00010,ko00053,ko00071,ko00280,ko00310,ko00330,ko00340,ko00380,ko00410,ko00561,ko00620,ko00625,ko00903,ko00981,ko01100,ko01110,ko01120,ko01130,map00010,map00053,map00071,map00280,map00310,map00330,map00340,map00380,map00410,map00561,map00620,map00625,map00903,map00981,map01100,map01110,map01120,map01130
IODOLM_01379	4.87521767293848	5.7838186583015e-137	puuB	gamma-glutamylputrescine oxidase	E	ko00330,ko01100,map00330,map01100
IODOLM_01380	4.16138046771129	8.23431013871416e-79		4-aminobutyrate--2-oxoglutarate transaminase	E	ko00250,ko00280,ko00410,ko00640,ko00650,ko01100,ko01120,map00250,map00280,map00410,map00640,map00650,map01100,map01120
IODOLM_01387	2.68933427499646	2.67720166257272e-06	ycjM	glucosylglycerate phosphorylase	G	ko00500,map00500
IODOLM_01389	2.55424235412068	0.00107060803471917		ABC transmembrane type-1 domain-containing protein	P	-
IODOLM_01397	2.58537507361985	0.0011261728100699	ompG	monomeric porin OmpG	M	-
IODOLM_01399	2.35576254912427	2.69459809584581e-42		6-carboxy-5,6,7,8-tetrahydropterin synthase	S	-
IODOLM_01402	2.09517589921237	7.46388565933954e-20		Thiol peroxidase	O	-
IODOLM_01406	2.52165586424272	3.23565007956652e-25		Peptidase S9 prolyl oligopeptidase catalytic domain-containing protein	S	-
IODOLM_01407	2.07552081941944	6.13920148044332e-22	pgrR	DNA-binding transcriptional regulator PgrR	K	-
IODOLM_01420	2.26732732388246	2.54844425030367e-36	dgcM	diguanylate cyclase DgcM	T	ko02026,map02026
IODOLM_01422	2.08641340994943	6.36485994060265e-14		hypothetical protein		
IODOLM_01429	-2.3773432829247	6.44336923739601e-31		Exodeoxyribonuclease VIII	L	-
IODOLM_01430	-3.25967515151191	1.37699031104536e-13	racC	Protein RacC	-	-
IODOLM_01431	-2.44403565832894	0.00036049323849139	ydaE	Uncharacterized protein YdaE	S	-
IODOLM_01432	-2.48113177012578	8.95448108680793e-08	kilR	killing protein KilR	S	-
IODOLM_01433	2.30948917488771	3.31165926614722e-05		Superinfection exclusion protein B		
IODOLM_01434	-2.50087141535009	5.46388545212748e-06		hypothetical protein	S	-
IODOLM_01435	-2.03299643713449	7.68525211895713e-09		hypothetical protein	S	-
IODOLM_01439	-2.05998830765083	1.15268835937717e-15		Bacteriophage protein	S	-
IODOLM_01451	2.75219329651978	8.84106623021811e-52	pinR	Serine recombinase PinR	L	-
IODOLM_01452	6.23067494039697	8.42810367904962e-170	ydfK	cold shock protein YdfK	K	-
IODOLM_01486	3.55847667700186	8.0342748105495e-38	ydbD	Uncharacterized protein YdbD	S	-
IODOLM_01487	2.10498952031082	0.014753223011044		CDP-diacylglycerol--glycerol-3-phosphate 3-phosphatidyltransferase	I	ko00564,ko01100,map00564,map01100
IODOLM_01502	3.23819707695952	2.69205824296011e-40		DNA-binding transcriptional regulator	K	-
IODOLM_01505	-2.37765312627924	4.15011767240546e-24	ydcH	Uncharacterized protein YdcH	S	-
IODOLM_01516	-3.48496004325562	2.52840253971492e-29		hypothetical protein	S	-
IODOLM_01530	4.70710953524033	1.04236039654113e-43	mcbR	colanic acid/biofilm transcriptional regulator McbR	K	-
IODOLM_01531	2.36501416013523	1.37267148127811e-34		Colicin I receptor	P	-
IODOLM_01534	2.63236994859008	3.22881677284575e-18	yncG	Uncharacterized GST-like protein YncG	O	-
IODOLM_01540	2.82011218374286	7.20220565638379e-32	pptA	Tautomerase PptA	S	ko00362,ko00621,ko00622,ko01100,ko01120,ko01220,map00362,map00621,map00622,map01100,map01120,map01220
IODOLM_01545	2.61853616957101	9.55482253213051e-40	narW	putative nitrate reductase molybdenum cofactor assembly chaperone NarW	C	ko02020,map02020
IODOLM_01546	2.52210601858244	9.30738748833509e-50		Nitrate reductase subunit beta	C	ko00910,ko01120,ko02020,map00910,map01120,map02020
IODOLM_01547	3.0213870122982	5.3367971389632e-39	narZ	nitrate reductase Z subunit alpha	C	ko00910,ko01120,ko02020,map00910,map01120,map02020
IODOLM_01548	4.92727782310206	2.72365720980365e-109	narU	nitrate/nitrite transporter NarU	P	ko00910,map00910
IODOLM_01556	-2.57561769021789	6.38660512303964e-35		Plasmid maintenance system antidote protein	K	-
IODOLM_01559	3.42108544322837	1.51241307585886e-35		Stationary-phase-induced ribosome-associated protein	J	-
IODOLM_01560	2.9788295335877	1.28442706417668e-12		Protein Bdm (Biofilm-dependent modulation protein)	S	-
IODOLM_01567	2.6838506897281	3.40425032931152e-06		D-alanyl-D-alanine dipeptidase	M	ko01502,ko02020,map01502,map02020
IODOLM_01569	2.40905595547316	6.69627695393483e-43	dosC	diguanylate cyclase DosC	T	-
IODOLM_01573	2.06517422465124	6.99001855972029e-20	pqqL	putative zinc protease PqqL	S	-
IODOLM_01574	2.09281004340269	1.80420823784783e-12	yddB	Uncharacterized protein YddB	P	-
IODOLM_01575	2.69497113769126	7.19448149157918e-06	yddA	Inner membrane ABC transporter ATP-binding protein YddA	P	ko02010,map02010
IODOLM_01581	3.42555476996148	2.06241134241407e-06		Fimbrial protein	NU	-
IODOLM_01582	2.44759531475376	0.0130986832668986		Fimbrial protein	NU	-
IODOLM_01583	2.09082984615201	0.0384953183963816		hypothetical protein	NU	-
IODOLM_01587	-2.76965867128332	6.40447149713763e-20		hypothetical protein	U	-
IODOLM_01596	2.37398587825699	2.58240189178875e-41		Trans-aconitate 2-methyltransferase	J	-
IODOLM_01615	2.4352578350813	1.0543029348348e-21		2-oxo-tetronate isomerase	S	-
IODOLM_01621	2.12717581963971	2.66413580628716e-15		Major facilitator superfamily (MFS) profile domain-containing protein	P	-
IODOLM_01622	5.43847860533098	5.20212258591657e-17	ydfK	cold shock protein YdfK	K	-
IODOLM_01623	2.61785073558683	3.66594347278149e-47	pinR	Serine recombinase PinR	L	-
IODOLM_01644	2.9552354862589	2.22353315302258e-06	flxA	Protein FlxA		
IODOLM_01649	2.81844675846817	1.96688937973601e-40		DUF1391 domain-containing protein	S	-
IODOLM_01650	2.48424380505644	1.58438673179286e-17		Prophage protein	-	-
IODOLM_01651	2.18357173726362	1.99035413587352e-22		Putative prophage protein	-	-
IODOLM_01652	2.44068546646325	0.00896024997771035		hypothetical protein		
IODOLM_01657	2.45014951930668	1.03475778264796e-18		hypothetical protein	L	-
IODOLM_01660	2.21521547113079	1.06216046776579e-08		Defective integrase Qin prophage	L	-
IODOLM_01664	2.95344497035927	3.81501555989648e-45		UPF0482 protein KPN78578_15540	S	-
IODOLM_01667	3.35501931940497	5.10828179971736e-30		DUF1161 domain-containing protein	S	-
IODOLM_01696	2.25663022341031	9.18994782336245e-71	ydgA	Protein YdgA	S	-
IODOLM_01701	3.39994086266796	4.72897132549608e-82		7-alpha-hydroxysteroid dehydrogenase	IQ	ko00121,map00121
IODOLM_01707	2.28162282739118	1.55936149352902e-50		H-NS-and StpA-binding protein	K	-
IODOLM_01708	2.12754627955496	1.14834178016672e-44	ydgK	Inner membrane protein YdgK	S	-
IODOLM_01715	2.55678795496851	5.32832080059799e-30		Endonuclease III	L	ko03410,map03410
IODOLM_01716	3.21216618407178	5.98517173273893e-08		hypothetical protein		
IODOLM_01772	3.54698605622246	7.12624253200377e-06	ydiM	Inner membrane transport protein YdiM	P	-
IODOLM_01773	4.34812537236309	5.91079297648951e-13	ydiN	Inner membrane transport protein YdiN	G	-
IODOLM_01779	2.18190172931433	0.0169527355131287		hypothetical protein		
IODOLM_01802	4.07076134982643	7.23740011084095e-06		Putative ankyrin repeat protein B	S	-
IODOLM_01803	3.39077919307293	6.10436266255758e-07		hypothetical protein	S	-
IODOLM_01811	2.2475607284308	1.16351109816117e-08	ydjM	Inner membrane protein YdjM	S	-
IODOLM_01812	2.45371513974902	1.18263236767134e-51	tcyP	cystine/sulfocysteine:cation symporter	U	-
IODOLM_01822	2.02748819144172	9.92513064557495e-35	osmE	Osmotically-inducible putative lipoprotein OsmE	M	-
IODOLM_01830	2.59752274162955	6.26634457142715e-34		Arginine N-succinyltransferase	E	ko00330,ko01100,map00330,map01100
IODOLM_01831	2.82672336227997	7.76304427818869e-23	astC	succinylornithine/acetylornithine transaminase	E	ko00220,ko00300,ko00330,ko01100,ko01110,ko01120,ko01130,ko01210,ko01230,map00220,map00300,map00330,map01100,map01110,map01120,map01130,map01210,map01230
IODOLM_01833	2.40425549487299	0.000308315765594011	ydjX	TVP38/TMEM64 family membrane protein YdjX	S	-
IODOLM_01856	2.24012681714147	1.54134361033127e-08	ydjI	Uncharacterized protein YdjI	G	-
IODOLM_01871	2.27323290642436	2.03471161809355e-28		UPF0756 membrane protein YPO3057/y1423/YP_2679	S	-
IODOLM_01981	2.07982230059887	3.2453669088909e-31		Trehalose 6-phosphate phosphatase	G	ko00500,ko01100,map00500,map01100
IODOLM_01991	-2.63461031626668	3.77635989756175e-77	yecA	UPF0149 family protein YecA	C	-
IODOLM_02029	5.33425711248383	1.345383494931e-100	rcsA	Transcriptional regulatory protein RcsA	K	ko02020,ko02024,ko02026,map02020,map02024,map02026
IODOLM_02034	-4.26930011704505	9.13293897659427e-91		hypothetical protein	S	-
IODOLM_02047	2.30352354921512	3.73195629205415e-07		5-hydroxyisourate hydrolase	F	ko00230,ko01100,ko01120,map00230,map01100,map01120
IODOLM_02050	3.46586050948674	1.10874988474779e-53	zinT	Metal-binding protein ZinT	S	ko02010,map02010
IODOLM_02051	3.32018586594315	2.27520824384991e-26		Cytochrome b561 bacterial/Ni-hydrogenase domain-containing protein	C	-
IODOLM_02064	-2.29270346161963	9.95454775689394e-24		Adenosylcobinamide-GDP ribazoletransferase	H	ko00860,ko01100,map00860,map01100
IODOLM_02067	4.00874195052581	3.18638954192942e-24	yoeA	Protein YoeA	P	-
IODOLM_02084	2.09928741987958	6.40412285684452e-23	yeeE	transport protein YeeE	S	-
IODOLM_02101	2.15286989952285	2.00058179394109e-26		UDP-glucose 6-dehydrogenase	M	ko00040,ko00053,ko00520,ko01100,map00040,map00053,map00520,map01100
IODOLM_02103	2.91860953105304	7.25424079387123e-54		hypothetical protein	S	-
IODOLM_02105	3.40221850064434	3.54842777218615e-48		hypothetical protein		
IODOLM_02106	2.90810018705046	1.77362084126941e-37	wbbK	Putative glycosyltransferase WbbK	M	-
IODOLM_02107	2.45490397107761	7.71821190509423e-28	wbbJ	Putative lipopolysaccharide biosynthesis O-acetyl transferase WbbJ	S	-
IODOLM_02145	2.98680765733158	2.93033497622472e-15	yegJ	Uncharacterized protein YegJ	S	-
IODOLM_02167	2.26086640903817	0.000527592176841901		Galactitol-specific PTS system EIIB component	G	ko00052,ko01100,ko02060,map00052,map01100,map02060
IODOLM_02171	-2.35723199107306	1.22052011876778e-18	gatY	tagatose-bisphosphate aldolase subunit GatY	F	ko00052,ko01100,map00052,map01100
IODOLM_02172	2.14467922066213	1.13464048874079e-40		fructose-bisphosphate aldolase	F	ko00010,ko00030,ko00051,ko00680,ko00710,ko01100,ko01110,ko01120,ko01130,ko01200,ko01230,map00010,map00030,map00051,map00680,map00710,map01100,map01110,map01120,map01130,map01200,map01230
IODOLM_02173	-2.35980632311036	1.18566040168648e-21	yegT	Putative nucleoside transporter YegT	P	-
IODOLM_02186	2.23344643202052	0.020337925064447	yehD	Uncharacterized fimbrial-like protein YehD	NU	-
IODOLM_02187	3.4360532647645	3.32042470714424e-28	yehE	Uncharacterized protein YehE	S	-
IODOLM_02217	2.49330994946288	1.86303847491787e-43	yohJ	UPF0299 membrane protein YohJ	S	-
IODOLM_02226	2.33192585708506	8.2338403992329e-05		Ribose/galactose/methyl galactoside import ATP-binding protein	P	ko02010,map02010
IODOLM_02232	3.54432239935582	5.38464084914232e-147		Colicin I receptor	P	ko02020,map02020
IODOLM_02253	2.221730433095	1.13404001542056e-44		Murein DD-endopeptidase MepS/Murein LD-carboxypeptidase	M	-
IODOLM_02259	2.07425495737098	9.76619173376545e-26		hypothetical protein	S	-
IODOLM_02287	2.61135137102181	1.25362509539267e-46		putative malate:quinone oxidoreductase	C	ko00020,ko00620,ko01100,ko01110,ko01120,ko01130,ko01200,map00020,map00620,map01100,map01110,map01120,map01130,map01200
IODOLM_02292	2.93039687615606	5.77965380515058e-82	ompC	porin OmpC	M	ko01501,ko02020,map01501,map02020
IODOLM_02298	2.04049994000344	1.15971381484748e-05		Acetate CoA-transferase subunit alpha	I	ko00310,ko00627,ko00640,ko00650,ko01100,ko01120,ko02020,map00310,map00627,map00640,map00650,map01100,map01120,map02020
IODOLM_02318	-3.34304877639783	1.4865202284901e-49		Glycerol-3-phosphate dehydrogenase	C	ko00564,ko01110,map00564,map01110
IODOLM_02319	-2.10418352680887	1.37736017359449e-09		Anaerobic glycerol-3-phosphate dehydrogenase subunit B	C	ko00564,ko01110,map00564,map01110
IODOLM_02331	2.76095204867429	0.00175066338461062		UDP-4-amino-4-deoxy-L-arabinose--oxoglutarate aminotransferase	M	ko00520,ko01503,ko02020,map00520,map01503,map02020
IODOLM_02354	2.25824536632689	3.36603921038597e-06	yfbN	Uncharacterized protein YfbN	-	-
IODOLM_02357	3.24314104492605	1.24267528757611e-49		NADH-quinone oxidoreductase subunit N	C	ko00190,ko01100,map00190,map01100
IODOLM_02358	3.87402851169159	4.13026895675886e-82		NADH-quinone oxidoreductase subunit M	C	ko00190,ko01100,map00190,map01100
IODOLM_02359	3.2300510824648	1.51225352599978e-67		NADH-quinone oxidoreductase subunit L	C	ko00190,ko01100,map00190,map01100
IODOLM_02360	2.8258288957163	9.85946464813535e-13		NADH-quinone oxidoreductase subunit K	C	ko00190,ko01100,map00190,map01100
IODOLM_02361	3.10855087571608	1.64508707559814e-67		NADH-quinone oxidoreductase subunit J	C	ko00190,ko01100,map00190,map01100
IODOLM_02362	2.45270446335497	2.13417326316847e-46		NADH-quinone oxidoreductase subunit I 2	C	ko00190,ko01100,map00190,map01100
IODOLM_02363	2.29629089493679	4.26307723988865e-65		NADH-quinone oxidoreductase subunit H	C	ko00190,ko01100,map00190,map01100
IODOLM_02366	2.31789390997649	3.20867837461857e-53		NADH-quinone oxidoreductase subunit E	C	ko00190,ko01100,map00190,map01100
IODOLM_02367	2.0563680023357	5.36276290441142e-39		NADH-quinone oxidoreductase subunit C/D	C	ko00190,ko01100,map00190,map01100
IODOLM_02368	2.05057464421623	1.15083068650144e-58	nuoB	NADH-quinone oxidoreductase subunit NuoB	C	ko00190,ko01100,map00190,map01100
IODOLM_02369	2.7676985294609	1.82517899556169e-90	nuoA	NADH-quinone oxidoreductase subunit NuoA	C	ko00190,ko01100,map00190,map01100
IODOLM_02399	-2.01660276285509	7.52504447672532e-56	dedA	DedA family protein	S	-
IODOLM_02400	-2.64517869908521	1.60293383253711e-35		tRNA pseudouridine synthase A	J	-
IODOLM_02427	2.6474997429846	7.60301034392354e-12	yfdF	Uncharacterized protein YfdF	-	-
IODOLM_02450	2.20424387558827	2.32581883547111e-54		DNA-binding response regulator	K	ko02020,ko05133,map02020,map05133
IODOLM_02460	-2.06379335394537	8.28692426928595e-40		Aminotransferase	E	-
IODOLM_02501	2.13922682588646	5.31443192062105e-23	cysP	thiosulfate/sulfate ABC transporter substrate-binding protein CysP	P	ko00920,ko02010,map00920,map02010
IODOLM_02537	4.31919227973098	0.00331305792189087	eutP	putative acetate kinase EutP	E	-
IODOLM_02540	2.42091806991147	2.00971711637334e-54		Transaldolase	F	ko00030,ko01100,ko01110,ko01120,ko01130,ko01200,ko01230,map00030,map01100,map01110,map01120,map01130,map01200,map01230
IODOLM_02584	2.01732460153466	5.94960980585421e-07		hypothetical protein	S	-
IODOLM_02608	-2.03753579325686	1.34413694202096e-44	iscA	Iron-binding protein IscA	S	-
IODOLM_02609	-2.20260973403915	2.78593517636212e-45	iscU	Iron-sulfur cluster assembly scaffold protein IscU	C	-
IODOLM_02637	2.1903846448867	1.71094346150428e-16		Phosphoribosylformylglycinamidine synthase	F	ko00230,ko01100,ko01110,ko01130,map00230,map01100,map01110,map01130
IODOLM_02659	3.44645748413743	2.10204762412003e-76		Glycine radical domain-containing protein	S	-
IODOLM_02670	2.31685733762204	4.19475390266352e-63	clpB	Chaperone protein ClpB	O	ko04213,map04213
IODOLM_02674	-3.11401219057513	8.25493157175713e-45		Ribosome-associated inhibitor A	J	-
IODOLM_02737	2.40811184703795	1.94171359865779e-11		DNA-binding protein H-NS	K	-
IODOLM_02745	4.53871698132916	1.11067363659725e-65		Quaternary amine transport ATP-binding protein	P	ko02010,map02010
IODOLM_02749	2.04022186464829	7.75895040251062e-25		Glycine betaine/proline betaine-binding periplasmic protein	E	ko02010,map02010
IODOLM_02750	2.58319537557682	1.21288090772095e-08	ygaY	Transporter ygaY	P	-
IODOLM_02779	-2.09639085991742	3.99713755254639e-14	ascG	DNA-binding transcriptional regulator AscG	K	-
IODOLM_02787	2.17550568757301	6.08333926130708e-08	hycD	formate hydrogenlyase subunit HycD	C	-
IODOLM_02788	2.39025992102685	7.57639798425015e-29		Formate hydrogenlyase subunit 3	CP	-
IODOLM_02789	3.47318506024455	4.684731962465e-27	hycB	formate hydrogenlyase subunit HycB	C	-
IODOLM_02790	2.9399592911743	1.00400559687898e-22	hycA	Formate hydrogenlyase regulatory protein HycA	K	-
IODOLM_02815	2.52783663523016	8.0520275684295e-15	ygbE	Inner membrane protein YgbE	S	-
IODOLM_02818	2.84906367661221	1.34571534041924e-46		Sulfate adenylyltransferase subunit 2	H	ko00230,ko00261,ko00450,ko00920,ko01100,ko01120,ko01130,map00230,map00261,map00450,map00920,map01100,map01120,map01130
IODOLM_02830	2.05259674638123	9.49168010900714e-22		Sulfite reductase [NADPH] flavoprotein alpha-component	E	ko00920,ko01100,ko01120,map00920,map01100,map01120
IODOLM_02877	2.32087189681441	5.89384770411533e-41	ygdI	Uncharacterized lipoprotein YgdI	M	-
IODOLM_02886	-2.55792189060111	4.94742881592965e-74		Protease 3	O	-
IODOLM_02894	-2.61412719495664	5.55687414274718e-84		Phosphoenolpyruvate-dependent phosphotransferase system	T	ko02060,map02060
IODOLM_02904	-2.08037208283802	1.52085254295013e-18		Diaminopimelate decarboxylase	E	ko00300,ko01100,ko01110,ko01120,ko01130,ko01230,map00300,map01100,map01110,map01120,map01130,map01230
IODOLM_02917	2.85324645171028	0.0481572555093073		hypothetical protein		
IODOLM_02926	2.21549500545254	0.000645807326915824		Oxygen-regulated invasion protein		
IODOLM_02942	3.39033046644874	1.99079865736432e-48		Molybdenum cofactor cytidylyltransferase	S	ko00790,map00790
IODOLM_02988	2.52243896847686	9.19671806116021e-19	argO	Arginine exporter protein ArgO	S	-
IODOLM_03006	3.01512900892247	4.44949386226412e-63	galP	galactose/proton symporter	EGP	-
IODOLM_03031	2.21284252217868	0.00736832236664838	aspS	Pilotin AspS 2	M	-
IODOLM_03087	2.1395711437642	5.04434103770193e-36	ygiV	putative transcriptional regulator YgiV	K	-
IODOLM_03116	-2.23723314545768	7.85941550304116e-87	hldE	Bifunctional protein HldE	F	ko00540,ko01100,map00540,map01100
IODOLM_03117	-2.73947169750857	6.29254226446215e-56		Bifunctional glutamine synthetase adenylyltransferase/adenylyl-removing enzyme	H	-
IODOLM_03118	-2.58041874786253	2.47319607563268e-53	ygiF	inorganic triphosphatase	S	-
IODOLM_03134	3.53984343433154	4.11987925867544e-133	nfeR	DNA-binding transcriptional regulator NfeR	K	-
IODOLM_03141	2.65322696556635	7.18940719400947e-05		Putative amino acid permease	E	-
IODOLM_03142	3.02128760885111	0.0137560825975977	ygjJ	protein YgjJ	-	-
IODOLM_03152	-2.319930808604	1.09732981704126e-36	sstT	Serine/threonine transporter SstT	E	-
IODOLM_03160	2.31692580584428	1.10646853196582e-41	yqjC	Protein YqjC	S	-
IODOLM_03161	2.3686819130369	1.14834178016672e-44	yqjD	Uncharacterized protein YqjD	S	-
IODOLM_03162	2.05340564919475	2.45462471458431e-23	yqjE	Inner membrane protein YqjE	S	-
IODOLM_03163	2.1183267457073	2.15495417747384e-38	ftsH	Cell division protein FtsH	S	-
IODOLM_03164	2.11386162961722	2.99683072613164e-31	doxX	DoxX family protein	S	-
IODOLM_03166	2.550249230784	5.67178385499397e-38	yhaH	Inner membrane protein YhaH	S	-
IODOLM_03167	2.43713219254118	1.29968984886951e-05	yhaI	Inner membrane protein YhaI	S	-
IODOLM_03180	2.93617824874466	0.0372043038263267	yhaB	Uncharacterized protein YhaB		
IODOLM_03181	2.65599735894124	0.000445090758801671	yhaC	YhaC family protein		
IODOLM_03196	4.488958175711	0.00403972581784807		N-acetylgalactosamine-specific PTS system EIIB component 1	G	ko00052,ko02060,map00052,map02060
IODOLM_03271	3.61012560008819	1.85993148015635e-36	gltF	Protein GltF	NU	-
IODOLM_03272	3.85417154571415	5.5612509435242e-05		Fimbrial chaperone protein	NU	-
IODOLM_03294	2.10961813566112	5.07997410904225e-41		Malate dehydrogenase	C	ko00020,ko00270,ko00620,ko00630,ko00680,ko00710,ko00720,ko01100,ko01110,ko01120,ko01130,ko01200,map00020,map00270,map00620,map00630,map00680,map00710,map00720,map01100,map01110,map01120,map01130,map01200
IODOLM_03363	2.63056596828991	3.86906725175478e-120		Small ribosomal subunit protein uS17	J	ko03010,map03010
IODOLM_03364	2.6886189206752	1.94670654698736e-47		Large ribosomal subunit protein uL29	J	ko03010,map03010
IODOLM_03365	3.10363550733735	1.01074815137321e-75		Large ribosomal subunit protein uL16	J	ko03010,map03010
IODOLM_03366	3.21631573221754	1.1822586261907e-63		Small ribosomal subunit protein uS3	J	ko03010,map03010
IODOLM_03367	3.03339964180332	3.25211385087468e-55		Large ribosomal subunit protein uL22	J	ko03010,map03010
IODOLM_03368	3.02886536037457	2.14012509555938e-43		Small ribosomal subunit protein uS19	J	ko03010,map03010
IODOLM_03369	2.85585579417724	4.73549621688782e-32		Large ribosomal subunit protein uL2	J	ko03010,map03010
IODOLM_03370	2.50720972793553	8.40697883527195e-41		Large ribosomal subunit protein uL23	J	ko03010,map03010
IODOLM_03371	2.53914716816934	1.63787357279479e-24		Large ribosomal subunit protein uL4	J	ko03010,map03010
IODOLM_03372	2.48300003280435	4.25147810198646e-27		Large ribosomal subunit protein uL3	J	ko03010,map03010
IODOLM_03373	2.74035922245096	7.31893771690056e-48		Small ribosomal subunit protein uS10	J	ko03010,map03010
IODOLM_03376	2.17112813717659	3.02917922433566e-05		Putative type II secretion system protein C	U	ko03070,ko05111,map03070,map05111
IODOLM_03418	2.31486570615285	3.57376995780265e-20	tsgA	Protein TsgA	G	-
IODOLM_03422	-2.28818117228783	1.2963026781774e-70		Siroheme synthase	H	ko00860,ko01100,ko01110,ko01120,map00860,map01100,map01110,map01120
IODOLM_03453	2.2845919875096	8.21459682435793e-48		Heat shock protein 15	J	-
IODOLM_03454	2.09539184088848	9.92891112206877e-41		33 kDa chaperonin	O	-
IODOLM_03473	2.39832706722999	1.39862283705922e-49	rtcB	RNA-splicing ligase RtcB	S	-
IODOLM_03498	2.02127177508947	5.94059585587524e-08	yrhB	Uncharacterized protein YrhB	S	-
IODOLM_03503	2.93820440879979	1.06843190386811e-16	ugpE	sn-glycerol-3-phosphate transport system permease protein UgpE	G	ko02010,map02010
IODOLM_03504	3.95519334729624	9.1503013333567e-20	ugpA	sn-glycerol-3-phosphate transport system permease protein UgpA	G	ko02010,map02010
IODOLM_03505	2.69702395173978	9.19932409263118e-56	ugpB	sn-glycerol-3-phosphate-binding periplasmic protein UgpB	P	ko02010,map02010
IODOLM_03523	4.137454663267	3.34687530040316e-13		putative queuosine precursor transporter	U	-
IODOLM_03561	2.84955448312457	1.09323543891061e-15	dctR	HTH-type transcriptional regulator DctR	K	-
IODOLM_03570	3.71494771152763	2.89981431417933e-113	gadW	acid resistance transcriptional activator GadW	K	-
IODOLM_03571	2.4490576733899	6.70830446435564e-42	gadX	acid resistance transcriptional activator GadX	K	-
IODOLM_03602	4.23332017486341	6.6208225278363e-85		Transporter	P	-
IODOLM_03617	3.29229772347917	7.49888556388524e-17	ysaB	Uncharacterized lipoprotein YsaB	S	-
IODOLM_03620	2.46878277192648	0.00305805465752251		Inner membrane protein	S	-
IODOLM_03647	2.43094144010597	0.000588360189472607		Putative alcohol dehydrogenase	C	ko00010,ko00071,ko00350,ko00625,ko00626,ko01100,ko01110,ko01120,ko01130,ko01220,map00010,map00071,map00350,map00625,map00626,map01100,map01110,map01120,map01130,map01220
IODOLM_03662	2.85296632978055	1.93587883786524e-26		L-lactate permease	C	-
IODOLM_03663	2.30574564370428	2.65702802001138e-17		Putative L-lactate dehydrogenase operon regulatory protein	K	-
IODOLM_03664	2.3544324024598	8.88044645802873e-28	lldD	quinone-dependent L-lactate dehydrogenase	C	ko00620,ko01100,map00620,map01100
IODOLM_03674	2.351744849039	3.75928378523176e-11	waaH	UDP-glucuronate:LPS(HepIII) glycosyltransferase	S	-
IODOLM_03682	2.10640872883483	2.88855600518757e-20		Putative lipopolysaccharide heptosyltransferase 4	M	ko00540,ko01100,map00540,map01100
IODOLM_03705	-2.44411880491828	3.63884578836989e-19		Glycine transporter domain-containing protein	S	-
IODOLM_03720	4.26764327123651	1.27907461985304e-49	yicS	Uncharacterized protein YicS	-	-
IODOLM_03730	2.32002298952001	3.58736460143544e-61		Acetolactate synthase	H	ko00290,ko00650,ko00660,ko00770,ko01100,ko01110,ko01130,ko01210,ko01230,map00290,map00650,map00660,map00770,map01100,map01110,map01130,map01210,map01230
IODOLM_03746	3.55724784029505	5.62384201187424e-92	ibpB	Small heat shock protein IbpB	O	-
IODOLM_03747	4.11141851007757	9.58219504154735e-69	ibpA	Small heat shock protein IbpA	O	-
IODOLM_03769	2.25757620313301	0.000296076502800699		Aromatic amino acid permease	E	-
IODOLM_03772	2.1305956545818	2.36676063833224e-24	yieE	Uncharacterized protein YieE	H	-
IODOLM_03804	-4.41149593856584	1.97531818683764e-105		Aspartate--ammonia ligase	F	ko00250,ko00460,ko01100,ko01110,ko01230,map00250,map00460,map01100,map01110,map01230
IODOLM_03808	-2.96964245452468	1.11070782568938e-19		D-ribose pyranase	G	ko02010,map02010
IODOLM_03809	-2.14108247364835	7.41463357812013e-10		Ribose ABC transport system	P	ko02010,map02010
IODOLM_03826	2.30627956660723	2.71860068447075e-23		Acetolactate synthase large subunit	H	ko00290,ko00650,ko00660,ko00770,ko01100,ko01110,ko01130,ko01210,ko01230,map00290,map00650,map00660,map00770,map01100,map01110,map01130,map01210,map01230
IODOLM_03827	3.84115676329859	4.34035604568558e-26		Acetolactate synthase 2 small subunit	E	ko00290,ko00650,ko00660,ko00770,ko01100,ko01110,ko01130,ko01210,ko01230,map00290,map00650,map00660,map00770,map01100,map01110,map01130,map01210,map01230
IODOLM_03828	2.03604382688594	5.42015823965203e-19		Branched-chain-amino-acid aminotransferase	E	ko00270,ko00280,ko00290,ko00770,ko01100,ko01110,ko01130,ko01210,ko01230,map00270,map00280,map00290,map00770,map01100,map01110,map01130,map01210,map01230
IODOLM_03832	2.01479664726557	9.63779847340946e-13		Ketol-acid reductoisomerase (NADP(+))	EH	ko00290,ko00770,ko01100,ko01110,ko01130,ko01210,ko01230,map00290,map00770,map01100,map01110,map01130,map01210,map01230
IODOLM_03874	2.41793148417739	2.09731985689662e-19	yigI	Medium/long-chain acyl-CoA thioesterase YigI	Q	-
IODOLM_03883	2.67825802612575	5.27815872265453e-66		5-methyltetrahydropteroyltriglutamate--homocysteine methyltransferase	E	ko00270,ko00450,ko01100,ko01110,ko01230,map00270,map00450,map01100,map01110,map01230
IODOLM_03904	-2.18387406531636	1.20478697918867e-25		Molybdopterin-guanine dinucleotide biosynthesis adapter protein	H	ko00790,ko01100,map00790,map01100
IODOLM_03924	2.28493857651213	0.00938191357996155	ompL	Porin OmpL	M	-
IODOLM_03940	2.62781024930283	0.00492303880617483		hypothetical protein		
IODOLM_03983	2.4093437510142	2.07299078912943e-36	hslU	ATP-dependent protease ATPase subunit HslU	O	-
IODOLM_03984	2.90500250422206	3.28620372867172e-51	hslV	ATP-dependent protease subunit HslV	O	-
IODOLM_04022	-2.32200075763349	2.18962420330239e-61	birA	Bifunctional ligase/repressor BirA	K	ko00780,ko01100,map00780,map01100
IODOLM_04024	2.58403319465245	0.0284212950764652		hypothetical protein		
IODOLM_04028	2.47235645248792	2.18310711434221e-84		Large ribosomal subunit protein uL11	J	ko03010,map03010
IODOLM_04029	2.39653845846235	1.77413754707436e-90		Large ribosomal subunit protein uL1	J	ko03010,map03010
IODOLM_04048	3.40950587464973	8.60941926963592e-18		Zinc resistance-associated protein	NPTU	ko02020,map02020
IODOLM_04070	-2.31705947083869	5.39084341893239e-05		hypothetical protein	S	-
IODOLM_04083	2.00908776721003	6.41826465689862e-06		hypothetical protein		
IODOLM_04102	4.79941093106446	0.000545852789833731	yjbS	Uncharacterized protein YjbS	-	-
IODOLM_04103	2.67040300022588	9.08265362909005e-42		Class B acid phosphatase	S	ko00740,ko01100,map00740,map01100
IODOLM_04112	2.74147223735257	7.41090172155216e-05	ghxP	guanine/hypoxanthine transporter GhxP	S	-
IODOLM_04167	2.9080995759067	3.14721014089979e-26		Arginine/agmatine antiporter	E	-
IODOLM_04168	5.81564515323673	4.83650113600162e-117	adiY	DNA-binding transcriptional activator AdiY	K	-
IODOLM_04175	2.07998580988778	2.73339176480937e-09	dcuB	anaerobic C4-dicarboxylate transporter DcuB	S	ko02020,map02020
IODOLM_04180	4.64713173300146	2.0676646350289e-11	ghoS	type V toxin-antitoxin system endoribonuclease antitoxin GhoS		
IODOLM_04181	3.15409426141843	0.000472591765558824	ghoT	type V toxin-antitoxin system toxin GhoT	S	-
IODOLM_04192	4.0448855035764	2.22133515728557e-110	fxsA	UPF0716 protein FxsA	S	-
IODOLM_04194	5.11839200903549	1.40332630154144e-182		Co-chaperonin GroES	O	-
IODOLM_04195	4.01539450448938	1.31185608942325e-174		Chaperonin GroEL	O	ko03018,ko04212,ko04940,ko05134,ko05152,map03018,map04212,map04940,map05134,map05152
IODOLM_04203	2.23874683292214	6.83039579783709e-32	blc	lipocalin Blc	M	-
IODOLM_04236	2.74416854406068	0.00628561690161758	yjfL	UPF0719 inner membrane protein YjfL	S	-
IODOLM_04257	2.43824696937873	0.0434789955131961	nicS	HTH-type transcriptional repressor NicS C-terminal domain-containing protein	K	-
IODOLM_04267	2.29115444623902	1.08854964857732e-08	ytfI	Uncharacterized protein YtfI	-	-
IODOLM_04298	2.90548277132872	1.54472065909178e-19		Aspartate carbamoyltransferase catalytic subunit	F	ko00240,ko00250,ko01100,map00240,map00250,map01100
IODOLM_04317	2.1498334908261	0.000494019057786263	idnD	L-idonate 5-dehydrogenase	E	-
IODOLM_04329	2.07422811447574	5.05573720522896e-24		2,7-anhydro-N-acetylneuraminate hydratase	S	-
IODOLM_04331	2.16688852068389	1.93139868392244e-13		Surface-adhesin protein E-like domain-containing protein	S	-
IODOLM_04362	4.2695219163605	4.66510316181108e-38		putative 9-O-acetyl-N-acetylneuraminic acid deacetylase	S	-
IODOLM_04363	3.5139835397443	2.27687872395678e-72	nanM	N-acetylneuraminate epimerase	M	-
IODOLM_04364	3.73472760973178	1.72457845803943e-15	nanC	N-acetylneuraminic acid outer membrane channel NanC	M	-
IODOLM_04381	2.8500343301764	2.38809791579754e-97	osmY	Osmotically inducible protein OsmY	S	-
IODOLM_04382	2.38914102246933	9.01755970553604e-33	ytjA	UPF0391 membrane protein YtjA	S	-
IODOLM_04383	-2.82538803584303	1.21589698485795e-128		PNPLA domain-containing protein	S	-
IODOLM_04384	-3.00567984291067	9.8750757221716e-71	yjjV	Putative deoxyribonuclease YjjV	L	-
IODOLM_04405	-2.05824830714493	6.94755956755535e-40	creB	Transcriptional regulatory protein CreB	K	ko02020,map02020
