run_accession	sample_title	fastq_ftp	fastq_bytes	fastq_md5
SRR20326877	Escherichia coli, Day 1, FeCl3 Control, rep 1	ftp.sra.ebi.ac.uk/vol1/fastq/SRR203/077/SRR20326877/SRR20326877_1.fastq.gz;ftp.sra.ebi.ac.uk/vol1/fastq/SRR203/077/SRR20326877/SRR20326877_2.fastq.gz	163596175;162105337	8cf39a9542f7b39d16a98dee03fe23e7;1dc17f5a0f6fee0e56c1b01f8d3cbaad
SRR20326894	Escherichia coli, Day 1, Pu-239, rep 2	ftp.sra.ebi.ac.uk/vol1/fastq/SRR203/094/SRR20326894/SRR20326894_1.fastq.gz;ftp.sra.ebi.ac.uk/vol1/fastq/SRR203/094/SRR20326894/SRR20326894_2.fastq.gz	1145289368;1227382420	08c6acfaa0cdeb227ef442a40fdd80ef;6f00efd0393d9e3c91cf77e4bf9f21ee
SRR20326899	Escherichia coli, Day 1, Control, rep 3	ftp.sra.ebi.ac.uk/vol1/fastq/SRR203/099/SRR20326899/SRR20326899_1.fastq.gz;ftp.sra.ebi.ac.uk/vol1/fastq/SRR203/099/SRR20326899/SRR20326899_2.fastq.gz	968881698;962577700	c5fa8ed9af30a3fa8091ba93d11dc00a;64db7b216af599b7ab4434acfc4dc205
SRR20326872	Escherichia coli, Day 15, FeCl3 Control, rep 3	ftp.sra.ebi.ac.uk/vol1/fastq/SRR203/072/SRR20326872/SRR20326872_1.fastq.gz;ftp.sra.ebi.ac.uk/vol1/fastq/SRR203/072/SRR20326872/SRR20326872_2.fastq.gz	1697774239;1689654614	9906fc5bf5a7134e85e0904ef08faa05;013dc463d6dfe3a0ad219eeb678ad489
SRR20326873	Escherichia coli, Day 15, FeCl3 Control, rep 2	ftp.sra.ebi.ac.uk/vol1/fastq/SRR203/073/SRR20326873/SRR20326873_1.fastq.gz;ftp.sra.ebi.ac.uk/vol1/fastq/SRR203/073/SRR20326873/SRR20326873_2.fastq.gz	896462383;895840307	604e1fd3e660900f76b35cea79406ec9;d36e6efd35f2c80177a9419fef5412e1
SRR20326875	Escherichia coli, Day 1, FeCl3 Control, rep 3	ftp.sra.ebi.ac.uk/vol1/fastq/SRR203/075/SRR20326875/SRR20326875_1.fastq.gz;ftp.sra.ebi.ac.uk/vol1/fastq/SRR203/075/SRR20326875/SRR20326875_2.fastq.gz	754260559;754445490	90dbba46523a9d0d9333bd975bc25ce1;9a0d0f206e661c264c6492faf7d324e1
SRR20326886	Escherichia coli, Day 15, H-3, rep 1	ftp.sra.ebi.ac.uk/vol1/fastq/SRR203/086/SRR20326886/SRR20326886_1.fastq.gz;ftp.sra.ebi.ac.uk/vol1/fastq/SRR203/086/SRR20326886/SRR20326886_2.fastq.gz	643118440;608469253	88003bc2036f68017e28716407fcb49b;8ffcb8af9e1697b73db6c8055fe77538
SRR20326893	Escherichia coli, Day 1, Pu-239, rep 3	ftp.sra.ebi.ac.uk/vol1/fastq/SRR203/093/SRR20326893/SRR20326893_1.fastq.gz;ftp.sra.ebi.ac.uk/vol1/fastq/SRR203/093/SRR20326893/SRR20326893_2.fastq.gz	2339322415;2517604914	1117b4fd3adce7e3767a29a5ecc8c970;6ec67c3da7037b0ec71f5816cdddbc96
SRR20326900	Escherichia coli, Day 1, Control, rep 2	ftp.sra.ebi.ac.uk/vol1/fastq/SRR203/000/SRR20326900/SRR20326900_1.fastq.gz;ftp.sra.ebi.ac.uk/vol1/fastq/SRR203/000/SRR20326900/SRR20326900_2.fastq.gz	1690502389;1692629754	7d2330f0becc7adeee760daa2dcc8c4d;20e16c36228d7b78c7e80e131783b3d9
SRR20326876	Escherichia coli, Day 1, FeCl3 Control, rep 2	ftp.sra.ebi.ac.uk/vol1/fastq/SRR203/076/SRR20326876/SRR20326876_1.fastq.gz;ftp.sra.ebi.ac.uk/vol1/fastq/SRR203/076/SRR20326876/SRR20326876_2.fastq.gz	326213037;324039557	010e7fbd8336469490c07b6e9e37b4d1;d76e1f65cd61a1fa1064516205028872
SRR20326880	Escherichia coli, Day 15, Fe-55, rep 1	ftp.sra.ebi.ac.uk/vol1/fastq/SRR203/080/SRR20326880/SRR20326880_1.fastq.gz;ftp.sra.ebi.ac.uk/vol1/fastq/SRR203/080/SRR20326880/SRR20326880_2.fastq.gz	486631722;522458333	2a0531ce42dea77288c2649f9ad052a8;9958e3388b1f6eab2c87167b1d53adb0
SRR20326882	Escherichia coli, Day 1, Fe-55, rep 2	ftp.sra.ebi.ac.uk/vol1/fastq/SRR203/082/SRR20326882/SRR20326882_1.fastq.gz;ftp.sra.ebi.ac.uk/vol1/fastq/SRR203/082/SRR20326882/SRR20326882_2.fastq.gz	971685266;997312356	f76cb73b3535961890e305c2b83f58ec;e844aaa52dbecc819ce1a82ab2adc1f5
SRR20326884	Escherichia coli, Day 15, H-3, rep 3	ftp.sra.ebi.ac.uk/vol1/fastq/SRR203/084/SRR20326884/SRR20326884_1.fastq.gz;ftp.sra.ebi.ac.uk/vol1/fastq/SRR203/084/SRR20326884/SRR20326884_2.fastq.gz	1419668489;1312160931	037800bade014bb46ecf907af74042af;9a71cee99c6b7ec896d12d9de8bb8602
SRR20326885	Escherichia coli, Day 15, H-3, rep 2	ftp.sra.ebi.ac.uk/vol1/fastq/SRR203/085/SRR20326885/SRR20326885_1.fastq.gz;ftp.sra.ebi.ac.uk/vol1/fastq/SRR203/085/SRR20326885/SRR20326885_2.fastq.gz	1066960747;992795280	ea18968396d103f2145281a595b996c0;159d450f4759deaf6a8400dfa803bbcc
SRR20326887	Escherichia coli, Day 1, H-3, rep 3	ftp.sra.ebi.ac.uk/vol1/fastq/SRR203/087/SRR20326887/SRR20326887_1.fastq.gz;ftp.sra.ebi.ac.uk/vol1/fastq/SRR203/087/SRR20326887/SRR20326887_2.fastq.gz	1072067164;1047315040	1a00e4c1c48f9d8fa0ff2c797b57e405;c0e5d0d8e4e55dacf09b573a0e792d30
SRR20326888	Escherichia coli, Day 1, H-3, rep 2	ftp.sra.ebi.ac.uk/vol1/fastq/SRR203/088/SRR20326888/SRR20326888_1.fastq.gz;ftp.sra.ebi.ac.uk/vol1/fastq/SRR203/088/SRR20326888/SRR20326888_2.fastq.gz	454771896;456857815	88ee8732b61cd2974514ce68abea237c;e531452c7fdf88a7d09a61c475822ec0
SRR20326890	Escherichia coli, Day 15, Pu-239, rep 3	ftp.sra.ebi.ac.uk/vol1/fastq/SRR203/090/SRR20326890/SRR20326890_1.fastq.gz;ftp.sra.ebi.ac.uk/vol1/fastq/SRR203/090/SRR20326890/SRR20326890_2.fastq.gz	1089886952;1177916426	554be7af24c7102797c977b1bcd4a330;fb00e6e1f8e426c408ff53da48377ec1
SRR20326874	Escherichia coli, Day 15, FeCl3 Control, rep 1	ftp.sra.ebi.ac.uk/vol1/fastq/SRR203/074/SRR20326874/SRR20326874_1.fastq.gz;ftp.sra.ebi.ac.uk/vol1/fastq/SRR203/074/SRR20326874/SRR20326874_2.fastq.gz	2266385841;2284670889	c3a23f003e787bac72971305bb70e66c;9225dea059dcd2b5c5dc2af85dc5353f
SRR20326878	Escherichia coli, Day 15, Fe-55, rep 3	ftp.sra.ebi.ac.uk/vol1/fastq/SRR203/078/SRR20326878/SRR20326878_1.fastq.gz;ftp.sra.ebi.ac.uk/vol1/fastq/SRR203/078/SRR20326878/SRR20326878_2.fastq.gz	456059740;473072619	e7a695cb9a6eaaeba856ea0598cfb040;90ff50de2a9b3860462840e8cfc55dfa
SRR20326881	Escherichia coli, Day 1, Fe-55, rep 3	ftp.sra.ebi.ac.uk/vol1/fastq/SRR203/081/SRR20326881/SRR20326881_1.fastq.gz;ftp.sra.ebi.ac.uk/vol1/fastq/SRR203/081/SRR20326881/SRR20326881_2.fastq.gz	919329564;931560591	cf78d2bc0fddb823c9a128fbd9d51684;e70a9c16de05ce08c1e3ff4826474a5d
SRR20326891	Escherichia coli, Day 15, Pu-239, rep 2	ftp.sra.ebi.ac.uk/vol1/fastq/SRR203/091/SRR20326891/SRR20326891_1.fastq.gz;ftp.sra.ebi.ac.uk/vol1/fastq/SRR203/091/SRR20326891/SRR20326891_2.fastq.gz	1124638768;1211979858	cfecd6d1f276debc19358a39b2ffcf44;8fdd8c97e0e9ec009c47b12687e5c202
SRR20326892	Escherichia coli, Day 15, Pu-239, rep 1	ftp.sra.ebi.ac.uk/vol1/fastq/SRR203/092/SRR20326892/SRR20326892_1.fastq.gz;ftp.sra.ebi.ac.uk/vol1/fastq/SRR203/092/SRR20326892/SRR20326892_2.fastq.gz	1179065543;1276506762	7727602cbf7d9435ab6695e50934b663;5803b1b891a10ff3431005c84d0e3951
SRR20326897	Escherichia coli, Day 15, Control, rep 2	ftp.sra.ebi.ac.uk/vol1/fastq/SRR203/097/SRR20326897/SRR20326897_1.fastq.gz;ftp.sra.ebi.ac.uk/vol1/fastq/SRR203/097/SRR20326897/SRR20326897_2.fastq.gz	2078727822;2242355399	d03d1ddfca7a8bdae9961e3016d33d94;cf9879d0d26350422a07ccc913829717
SRR20326898	Escherichia coli, Day 15, Control, rep 1	ftp.sra.ebi.ac.uk/vol1/fastq/SRR203/098/SRR20326898/SRR20326898_1.fastq.gz;ftp.sra.ebi.ac.uk/vol1/fastq/SRR203/098/SRR20326898/SRR20326898_2.fastq.gz	1444123530;1551072386	9f6f8e9b9347abf8a6d2cf45d1531905;28a89b625a84b724d2da4b7ca0c0f6f3
SRR20326901	Escherichia coli, Day 1, Control, rep 1	ftp.sra.ebi.ac.uk/vol1/fastq/SRR203/001/SRR20326901/SRR20326901_1.fastq.gz;ftp.sra.ebi.ac.uk/vol1/fastq/SRR203/001/SRR20326901/SRR20326901_2.fastq.gz	959681967;941794363	2666cbcc93235ed7a499d3e347926c7c;a578c5aa6e590628812479ca04d93042
SRR20326879	Escherichia coli, Day 15, Fe-55, rep 2	ftp.sra.ebi.ac.uk/vol1/fastq/SRR203/079/SRR20326879/SRR20326879_1.fastq.gz;ftp.sra.ebi.ac.uk/vol1/fastq/SRR203/079/SRR20326879/SRR20326879_2.fastq.gz	395085667;423436249	e286eeccc107c695d479b0860340a6e2;b0fe408a6bbc3532e3ea2e36b11140e4
SRR20326883	Escherichia coli, Day 1, Fe-55, rep 1	ftp.sra.ebi.ac.uk/vol1/fastq/SRR203/083/SRR20326883/SRR20326883_1.fastq.gz;ftp.sra.ebi.ac.uk/vol1/fastq/SRR203/083/SRR20326883/SRR20326883_2.fastq.gz	1726119239;1754436415	f7ef019057959b72731d05ca11346a52;f2951507beee6c7ea2b223909897170a
SRR20326889	Escherichia coli, Day 1, H-3, rep 1	ftp.sra.ebi.ac.uk/vol1/fastq/SRR203/089/SRR20326889/SRR20326889_1.fastq.gz;ftp.sra.ebi.ac.uk/vol1/fastq/SRR203/089/SRR20326889/SRR20326889_2.fastq.gz	1523463885;1515433545	36444cadd9842a6901a73b6ae8f31503;e58061411d9451e6987719bef2b9dde8
SRR20326895	Escherichia coli, Day 1, Pu-239, rep 1	ftp.sra.ebi.ac.uk/vol1/fastq/SRR203/095/SRR20326895/SRR20326895_1.fastq.gz;ftp.sra.ebi.ac.uk/vol1/fastq/SRR203/095/SRR20326895/SRR20326895_2.fastq.gz	1234981129;1328412999	c6969d865ec6533cd211ec74aaab9dcb;9894d1437e1806fab273ca43d8df8014
SRR20326896	Escherichia coli, Day 15, Control, rep 3	ftp.sra.ebi.ac.uk/vol1/fastq/SRR203/096/SRR20326896/SRR20326896_1.fastq.gz;ftp.sra.ebi.ac.uk/vol1/fastq/SRR203/096/SRR20326896/SRR20326896_2.fastq.gz	1028482779;1122239781	45788671974e449b5591d386ca283ad4;a2b414b124711343aa48c240d39cfea2
